ID,text,target
SUAVK39Z,I feel that it was better I die and hurts,0
9JDAGUV3,Why do I get hallucinations?,0
419WR1LQ,I am stresseed due to lack of financial support in school,0
6UY7DX6Q,Why is life important?,0
FYC0FTFB,How could I be helped to go through the 0?,0
V6VSDJ5I,What are the effects of 0 to ones health,0
9736J4UE,Why is everything so hard to deal with in this life,0
AY8L479Y, I feel emotionally overwhelmed ,0
OSFJV5EC,How to manage taking 0?,0
U4SGUGGM,Is heaven open for us who smoke bhang?,0
JGBMEUC1,How to survive without money?,0
LM8GPR0X,How do i stop this? What do I do when life becomes unbearable?,0
EIF8Y8MX,"I was ever sad,alone and always on 0Now I know how to cope with negative aspects in my life",0
03TVUJ9J,"I feel empty,absent minded",0
CBMIYRK7,I experienced 0 in my studies,0
Y5MH83OX,I feel like am alone in this world,0
OHIWTBLA,I feel low and out of place and hurt,0
0LPO6TKU,What should i do to get out of 0?,0
WQG9NYO0,How can I stop using 0?,0
WYDRQKK9,"I feel hopeless, unworthy and useless …How do I cope with stress and frorge the past?",0
H6HGNIPM,Does mediataton help stop weed addiction?,0
JJFB80YG,"I feel bad because life difficulties, I also feel bad that I have no one to control",0
SI6LH9S9,What are the effects of smoking bhang?,0
P4T442GZ,"Sadness,hatredNow feeling is happiness",0
6T60B8ZM,"Feelings then were like everything was falling apart,Now things are in control",0
EL8WHB10,how do I cope with ta difficult situation?what will I d to avoid it?,0
K9DGPFW6,Deteriorating academic performance,0
46DPSGSJ,Effect of 0 both in the society and my body,0
AWTMRJ2C,How could i stop using bhang,0
Z38CHPES,How to avoid drug abuse?,0
NUJNN8HA,How will I stop? What addiction means.,0
O7SRICTV,I feel rejected and seriously hurt,0
TY6R8YBF, Is it right for depressed person to use 0,0
4DDQ2BRX,I just stopped taking 0 because i thought it was not good for me,0
CV11SA2H,How do I seek help from 0ism,0
NYZTVG5E,i am  very stressed,0
G5GF4H7P,Main challenges of 0 and their side effects to my health,0
ZB73RBET, feel confused and helpless and was pushed to the cornerFeeling kind of better,0
93G4A70N,How  does one avoid bad company?,0
X45W9Q0S,How to avoiod 0 in campus,0
ZBUCI1MA,Causes of 0 by youths,0
J9T35NVE,What are the effects of 0?,0
JP9NVFHD,"I feel very low,how do I overcome it?",0
ML2SKCYN,I feel painful and unwanted,0
MT04SPT2,What can I do to change the situation?,0
G4VUYDC1,What to do to resist the bad feeling?,0
5M88BU4L,"Too much classwork, and how do I cope ith many responsibilities",0
2ANINIO7,How can I stop being hurt,0
BXMHPTHE,"I am facing a lot of challenges in life financially, emotionally, psycologically and with no solutions…How can I safely look for solutions about 0 on google",0
459AWRKP,I always feel down,0
2ZH6D7O3,sad and lonely,0
9XPAAVP5,I feel I'm unworthy and wasted,0
8MPE9DNC,what are the best ways I can follow to stop using it,0
65WCW3PH,I think I can handle my drink,0
J4ES54MZ,I feel depressed because of relationship issueS,0
97VW5839,How can i stop taking 0,0
6T8HVMG3,what can I do to minimize my 0ism,0
0RFTD03Y,How to deal and overcome bad situation,0
KBYAYAJC,Effects of 0?,0
9WUGXUWF, I used my rent money in gambling,0
QKBV071K,Why do i exist?,0
BM946H9J,Will Prayer help me out of sucidal thoughts.,0
IBADW0FW,How can I get help?,0
5I2N159N,Who could be the reason for 0?,0
KTL0D91A,I do suffer 0 at times and i think the best way to avoid it is keeping myself busy,0
1JALYOEE,How to avoid 0,0
HD9XSQZD,Lonely and happiness,0
T65023SD,is there harm fo me when I take 0,0
YAKKXF3T,What is the  importance of 0?,0
PENYQE5S,I feel indescribable sadness,0
89FS5OH2,What are the common ways to reduce 0,0
HSAB9P4S,I feel so low,0
RI9SGXM0,Parental negletion causing  my 0,0
4B8XOMN7,Effects of 0 on my body health,0
NGK6ZM5H,I have a bad company of friends that influence me to smoke weed,0
TD9B0JK7,why is that I don’t succed in what I do,0
SCTJPCQ1,Is there self worth in life?,0
QDBMJA08, I have low self esteem ,0
YS9D64RF,How can I overcome being hurt,0
MKWX9595,How can i stop using weed,0
HIE8CSV7,I am downhearted. How can I overcome the feeling?,0
F6LTQ978,How to stop 0,0
P1R7AXPE,should I stop drinking 0,0
SCBE9RL5,How to overcome such an incident,0
27LQQZQ3,Side effects and problems associated with 0,0
KHJGZIB1,"I feel so irritated, why does this happen?",0
VPIOXWS8,What is the best way to withdraw from 0?,0
4HDJ2MLK,Feelings of anxiety and fear and feelings of inadequacy,0
IXEQA3Y4,What is a good of life?,0
X7ONF6SO,What are the effects of 0?,0
MTTRV505,Measures to take to overcome suicidal thoughts,0
GR0P3AXE,how do I  avoid getting addicted,0
DQYT5T05,Feeling lonelyNow I feel better,0
50NFWPFO, why do we use bhang?,0
G1CNQX97,I felt incomplete and overthinking stress ,0
7ONNL6JS,"My feelings were chaotic,sad,isolatedNow better",0
HBG8Z32E,How to study to avoid failing  of my exams,0
RICJ4SMV,"Was sad,lonely,confused now",0
87FJU3OA,How can i stop drug abuse?,0
4091K7GR,Why do we drink anyway? What is the effect of overdrinking 0?,0
PTJM4W2F,How to overcome this peer pressure of taking 0?,0
M4SRHJHN,I am thinking about school expenses,0
F4UA4E08,how do I handle pain,0
4YAZ71T4,what can I do inorder to stop 0 abuse,0
RG2YXG81,How to manage social drinking?,0
QY55OB2E,Why is life so difficult?,0
SP3FVI1L,I am sad,0
LZX05AM2, It feels as if my head is exploding Lots of burnout Am feeling much better,0
TNLKFJ3W,I feel hopelessFor now I am just fine,0
VSMF1JK5,"I got to a stagnation point,dropped out of classes",0
0WD80PHP,what are the advantages of taking bhang?,0
1I1423F8,I feel stressed and hopeless,0
SD3C3HNH,Challenging,0
9XHFLZW0,I feel abandoned and lonely,0
PBVEUVY5,I can't stop smoking weed because of the good feeling of calmness.,0
V0SS50TS,I am overwhelmed by life.,0
1VIUC0G0,I feel terrible,0
J6DZPN7V,Is taking 0 worth it?,0
4JF0OXGT,I feel like days were flying past me,0
S1FD3U91,Why do bad things always happen to me?,0
T62AVHMC,Lonely and stressed,0
11CGOZLV,How can I avoid wasting my money on 0 with friends,0
UL95QSEX,Dissappointed and hurt,0
4FZFI3HJ,How does one come out of 0?,0
33K6R2R3,How to stop the addiction,0
LPV5XWOK,"I am Lonely and nott myself, simply because of relationship issues",0
X8GDM3BF,I'm still depressed and worried of my mental health,0
OZFGITK8,How will I stop?,0
HF2DDNQZ, What can one do to reduce the feeling of 0?,0
YYNUDOWG,How to reduce excess intake of 0,0
P7Z3JK1D,whom should I disclose to my issues,0
L1GXD7QK,Impacts of 0 in real life,0
P6F3W88R,How can I stop taking bhang?,0
XPNDRLBZ,I was so depressed and I feel like the whole world was against me,0
TU17R8EH," I really feel bored with the situation I am in , and experiencing dizzines  and a lack of appetite",0
MNARVFA1,I feel things were not going my way and feel like giving up,0
3HVSN1L9,I feel like I have wasted my life,0
AET542VI,"Insomia,headache,social problems",0
E064SNA9,How can I do without 0 when stressed?,0
39NBD6FO,What makes one an addict of 0?,0
TFB5T5K9,How can i stop drinking,0
X1ROWD34,How to stop/ reduce 0,0
5SQF3ZIP,How can I do without a relationship?,0
PW1OUC5S,How to gain momentum in academics,0
HFT4O5RI,I feel that nobody loved me as much if I was in my own world I feel much bette,0
BIQ3K5MF,I feel like the world is against me ,0
RPR79301,How can I stop drug usage?,0
SRRPHNPR,Does bhang affect your memory?,0
X8ZI1GT6," I haveI had a feeling of being lone ranger, but I'm okay now",0
OSOAIJEZ,How to stop bhang?,0
UVSIAT7E,I feel like giving up everything,0
K186E1KR,I feel sad,0
IMXTN5TC,I feel less important to anyone,0
DXPY4E6H,Causes of 0ism. ways in which one can do to stop 0,0
Z5ZE798J,Ways to stop 0 addiction,0
SDRU0I0I,I feel so low like the only way out is death,0
7QCXEWFU,What is more to life?,0
F9NRCHYI,"Looking for employment,still depressed",0
519MFQ9G,what do I do to stop?,0
AWQDGRT6,i feel well okay and hurt,0
PO5PLBDQ,I feel low and lost hope in everythingI feel better now,0
DGPCPMEH,I have a disease that drained all resources from my family,0
5JLVKXY3,I am involved in a Love affair and I would like to know hw can I control myself?,0
H9JJ8H3N,I waste money on 0,0
CGF1MPRY,What are the effects of smoking bhang?,0
GUDI29F9,What are the best coping strategies to deal with stress?,0
W1E9KIF6," my sister oftenly faints, this troubles me",0
9U6OKPXX,Hopeless and how to get out of it,0
4XNB1V5E,I am depressed and want solitude,0
VHHH5F68,Is withdrawal from people helpful from commiting 0?,0
NHTQ6O30,i feel stressed,0
FHO1C5EF,Is there a peer counselling programme,0
7TYFSZHT,How to overcome 0ism?,0
MO49SQRK,How can I stop taking 0?,0
JGF06QXV,I hate my life,0
2WAYPCEQ,I have given up with everything in life ,0
U9T40R7Q,Causes of hurt,0
H7X049T2, im feeling stressed,0
CEAOWJOR,Why is the larger percentage of youths involved in 0ism,0
BXPHSVEO,Where i get money for my needs…Where do I get money  for personal needs?,0
C7QD5SLH,How do i get better?,0
C4Q8W3C9,How to avoid the thoughts?,0
Z5XWUAEQ,What is the reason for 0?,0
Y7B63LQT,Why do people think of commiting 0?,0
SGZIY718,What are the effects of drug consumption?,0
QCIAO332,How do I overcome the feeling of being  weaker and weaker in thoughts,0
1A99866J,I feel horrible and unsatisfied,0
2K0PN69M,Ways of overcoming peer influence of 0ism.,0
7X4ZSOCS,How do I stop taking 0? Do you recommend rehabilitation,0
YNB3JEUO,What will my mum think of me whren she finds out that I smoke weed?,0
AP3VVFX6,Will 0 lead me to a bad place in life,0
JPRV8I5J,Why do I suffer?,0
L9NXPIEN,Depressed about broken relationship with a church pastor after having sex with his highschool daughter,0
7L9G3QJ9,Who can guide me whn depressed?,0
J55053XP,I am financially constrained over school fees and my  family background is not stable with a lot of debts…I have an elderly brother who could easily support me but has no job even after graduating,0
YMIV9TAR,stressed and overwhelmed by the many thingof lifeRight now I'm taking things easy,0
ROK05XD3,I feel very discouraged my self esteem went low,0
JOWFMRU7,"I feel unloved, unwanted",0
CPZ81QFJ,I need advise on how to avoid 0,0
1V9AWIGY,Does smoking make one cool?,0
R0AW64SP,I feel depressed because of issues with my best friend and my parents I was at my lowest point being lowkey everyday,0
TD15L93X, I never feel like I am npt worth living,0
9QYAHRR5,feel so low and sad,0
NUCSE95E,Being left by the person i loved the most,0
8NNK7CZJ,I feel trapped,0
94N9JHU2,This are my loneliest moments and hurt moments,0
CZ0V545V,I was once depressed and I feel like giving up with my life,0
UUB5FREC,I tried asking how to stop the habit,0
LD2JTQWZ,what are ways of dealing with 0,0
DQXPXEQN,I want to be alone in no company of friends,0
PB50CNUF,I told myself to be strong enough,0
6QZH2CWL,"Lonely, isolated, very weak",0
JYHRF3IE,I feel helpless,0
NQL6BXUU,Is life this hard?,0
F5N4RU80,Why is it that my health is deteroriating?,0
KPWR5OTH,"I feel withdrawn,alone,stresssed sad",0
IO6PZ9Y1,How can I overcome 0 from heartbreak?,0
F0I7GIGE,I feel desparate…why is the world so unfair,0
698A4P0J,I feel like the world is falling apart,0
WLEWY07N,Effects of 0 in my life?,0
24NNBTL7,How to deal with hallucinations?,0
1HA77QQ3," Sad, lonely and tired",0
YZWFPP8M,feel very lonelyI'm quite okay,0
A4BCYETH,I take 0 for personal realization.,0
YIXKUJUC,how to quit 0?,0
NIAOYQXU,is life even worth it,0
N2DJJ1XY,I feel that everything was coming to an end,0
XY588V2F,What are the effects of 0 on our bodies,0
D64IPYOU,How to manage my relationship,0
SAWSGYZB,What is the solution for feeling hopeless,0
0UNXTGLP,How can i motivate myself when feeling low,0
UTKO2AZD,Never sought assistance,0
2ASR64M6,Is 0 really harmful?,0
BGPNXEE0,What could i do to deal with frustrations?,0
93HHN24Q,why some things happen over and over again,0
MOVEQ145,I did not seek help,0
ZHP9VVGC,Does weed do any  good?,0
SA2FYD2A,I feel heart broken,0
WGML4P7B,If the person i wronged will forgive me and accept reconcilliation,0
3GLOZPU4,"I feel like the world was against me, especially from friends and relatives who were close to me I conqured it that my life is more important",0
SMVFTBV1,The feeling was like alone in the world,0
8E412HHJ,"Sad,lonely",0
X0YHNC8N, I feel like giving up,0
KLX5TBWE, Is it childlish to feel depressed,0
ZFTOS18U,How can I shun from the same?,0
OM77C6FZ,Feeling relieved,0
NOXKH5TS,Whom will I approach when mentally disturbed?,0
37IG68E9,why do I always feel heartbroken all the time,0
YDMU6CHX,I have experienced stress which led to 0I had the issue handled,0
Q4R2NXGE,I fee sad and unwanted,0
WBGFUUCK,how can I be helped to come out of 0?,0
ZP5PTWOV,I feel sad,0
AAKPNVQO,I am broke and very  unpreparedness in exams,0
2JTGDT5L,What if I live in an isolated place?,0
UU3DHPUN,How i stop the behaviour of 0 taking,0
ATO107VQ, how I can be able to handle my stress and not feel like taking away my life,0
TBAG3V8T,"what could be the cause of my 0,how can I overcome it",0
6IGFTWHT,Can beer lead to any problem?,0
1AOWXKXV,How to stop?,0
FAFZLNY4,I am in a financial crisis,0
SRK3NE8O,I have smoked weed and addidcted and need assistance?,0
LGBXU9PN,Is alccohol the only form of entertainment for the young adults?,0
T8BIPMVF,I feel Sad,0
4VMEBNDV,I lost my father,0
2QRTGS6A,Why I needed to keep holding on to nothing. If my life really ahd a purpose,0
E1NEHTU0,How to convince someone against commiting 0,0
019YKKY0,"I feel bad about myself, I dont want to interact with anyone",0
A04YR7N0,How to control my emotions. How to stop drinnking.,0
XBFD6MDZ,I feel so lowI feel good and better now,0
EK67UMY1,I feel like commiting 0 and need solutions to the problem which led to the 0,0
124Y7IO6,Financial issues,0
6XVOCUMI,How can i stop bhang?,0
MIZ8T6M9,"How do I deal with 0,should I do?",0
3WINGR1Y,How can i stop taking 0,0
ZN43XFVV,I feel like nobody cares,0
4SB4B0B5, I have and the feeling I had was not very pleasing ,0
OLQHJ0PO,How should I overcome 0? Why must it be me?,0
UZFCOXZP,How can I stay without smoking?,0
1M6N5OI2,How to stop the addiction?,0
BHG2VBMC,I feel like killing myself and killing the people who caused my 0,0
8BKND7CF,I almost gave up and got no assistance,0
8UAQNJAY,Am I addicted?,0
JFXSWJSP,Is 0 helpful to ones health,0
57OCJ216,What is a permanent solution to depressed person?,0
D4PDKNYF,How to deal with the problems which can lead to 0,0
0TID986J,how to quit 0,0
V8L9C5XG,I am overwhelmed on how to deal with the issue below I am fine now,0
COHF4DEW," I feel severely depressed I withdraw from people, and prefer to be alone",0
GI46OIMU,I lost a bet with house rent,0
MVVH8XCA,I feel uneasy difficulty with life,0
BS8XRA3X,"I have feel sad and hopeless, not sure if that's 0",0
DP6D3EG6,Are there any helpful effects of bhang?,0
V0C7LKYN,"I am very nervous and bothered, ",0
5272SYMK,Where can I find a rehabilitation center?,0
PKIO2M1G," Suicidal thoughts, stress, hyper-arousal",0
PQP1IRYK,What are the main causes of excessive 0 taking,0
9EJV3WJK,Why is life so difficult?,0
SJ2J5OEL, I don't feel like talking to anyone,0
1IHTBDJ2,What can I do to be relieved?,0
LIHIU7DI,Main causes of 0 and how to deal with them when they arise,0
U3T52WN4, I feel lonely and discouraged,0
52BWXOL8,SadI am good,0
KWNGKGHQ,I feel like life does not make sense,0
3MXZDXDL,How to limit myself from getting depressed,0
2KOGKZUF,"I feel like my life is done, no more joy in life",0
JZRQUUF1,The loss of my beloved father,0
48HYYYED,"Why do people take 0 and how benefitial is it to their life, What should one do to avoid taking 0",0
PMFIIRXF,how can I make money,0
IW10CAAM,I feel lonely and  no one wanted to stay around me,0
E7BSF5F4,How can I stop using 0?,0
W6C11AZK, feeling unloved or unwanted and I dont deserve to be alive ,0
1ECHO6JY,How to overcome the frustration,0
Q06DDJ1O,What are the causes of 0 and the effects,0
J3ORYNFV,"I felt emotionally low and sad most of the time I feel better, stronger and happier now",0
WZ2MGVEF,I am financially  instable,0
QEMQKIIN,Why all this challenges had to come my way where no one thought of me,0
9DOVTEWF,How to stop taking 0,0
EV19B9ZK,I am devastated and  angry at ather people,0
VVC47SJA,How can I stop?,0
79DO3BLF,What are the effects and how can i get rid of it,0
U26JDVW1,"I need help, who can help me manage my situation?",0
4HP750CC,How can I get financial sponsorship,0
ZZQSS6H4,what do I do  to avoid stress,0
DPRVXK1C,I feel sickly and lack appetite,0
LPXJIQ0F,"I feel like life is not good,since I had no one to talk to",0
XS8XILTW,what is the worst experience from 0,0
YOJA9LQH,Why 0 occurs,0
IKLQJKBL,what should I do to stop 0ism?,0
DMC1XK7H,"I felt sad,was stressed,lowi am now better",0
FIH2SDXX, My family split and I am deeply affected,0
SRN1G752,Loss of a close family member,0
HXYQVQWR,What are the means to avoid 0?,0
PNXEUYN8, Family issue,0
XWU3Z6IA,"What am I going to do to reconcile with parents,they have rejected me?",0
806HFIMM,How can i get out of 0 in future,0
458NTYKE,"Had a problem with my personal looks,feel sad",0
530N0OSW,How can i stop 0?,0
HRDQXFHE,How can I overcome peer pressure,0
ETG5YAOK,I was depressed way back in highschool while looking for schoolfees,0
5HNNAWYU,What more is life?,0
5THWQBRK,Can I ever get back to my old person,0
8P56CL8S,Can I kill myself?,0
4V3L91FT,I do not find pleasure in doing things,0
F0NI9AOY,How can I overcome 0,0
A1TVAV77,What can I do not to get depressed?,0
O55WPPEO,Is there anything i can do to avoid  smoking weed?,0
NO6BCAST,How can i stop drinking 0,0
W9HP80YU,I don't feel loved,0
ZI14LEQ6,Low and alone,0
DN5UJHKK,I am still thinking of getting back to 0,0
WI9JJNVI,How can I overcome the 0 addiction,0
XBAYE2FN,Does drinking 0 solve all your problems?,0
3J7JPGD7,I have low self esteem ,0
DJEL7KQ1,I am fearful of failure when I start drinking 0,0
OGX0QSGU,Can beer lead to any problem?,0
LMD13ZEK,I was much depressed and a lot of confusion,0
9LQLIVJN,"I really feel so down, disgusted and diserted, I feel more depresses and seeking for guidance",0
R0RZ3ISJ,"I feel lonely,how do I get out of this position",0
NM3JOH4T,"I feel so low sickly,I was lonelyCurrently feeling better after guidance and counselling",0
8BR3ZDDW,why do some people judge me too quickly and why do I fail in everything,0
1YK7RQ1V,I'm still depressed,0
5C7PZ719,How to help when you depressed?,0
Q7T5GJPT,"I feel withdrawn, how do I get over an ex?",0
UXMHC2DY,I am experiencing a challenge in raising my school fees and  it was not an easy task because of the family issues,0
8A0L8D4F,I feel alone and that everyone had deserted me when I need them the most,0
QJRZKSBF,I am an addict.,0
EXF1GZG5,How do I quit drinking excessive 0,0
4N0N95OJ,what exactly is 0,0
ZMXITBVW,How can i stop using 0 and in what ways can it affect my future?,0
822XTUHN,why should I stop taking 0,0
PW3IHHIH,Why are most of my friends ignoring me? why is it I am going through much in life compared to others,0
MFSIUMOQ,feel that life is unworthy,0
4WT396Z8,How can I quit 0ism?,0
AXB45SPX,What are ways to quit bhang use?,0
1ZFDUBIG, Fear of the future which is unpredictable and feelings of anxiety,0
AZ86LNQL,Should I ignore my friends?,0
D911LP0M, I am making efforts to quit but it is challenging,0
X6ZOTZ9W,Should I go back to ex girlfriend?,0
J6JW6ZKN, I feel like God had abandoned me or rather I am  not supposed to be born or existd,0
RCNR7KU0,what can I do with my life now,0
EFK2DMIY,How can i stop taking 0?,0
T6WTTRZR,How does someone commit 0?,0
A9YBOHVL,I feel lonely and sad,0
BVG5L5JW,I feel wasted and used by my GF ,0
QCRNZLUK,How can you come out from a depressing situation?,0
4HOGHNMY,Am i not a man enough?,0
YECHMD4P,How can I stop using 0?,0
OED97WAE,How do you get to the point of 0?,0
C23HZKC4,How will campus education be of help?,0
758KAJFQ,why am I thinking of 0?,0
X0WLSH74,Death of a beloved one,0
49OI9LFV,Does 0 add value to me?,0
YWFB8BMK,"I Just want to sleep, relax, not consult anybody or a feel to see anybody",0
2KPKRR5Q,I feel sad and lost,0
W1OOD0X1,How better would I quit?,0
MSEG1EUS,How can i cope up with the reality of financial distress?,0
KR577F9W,What are the effects of bhang?,0
N4WXTO2Z,How can I stop using 0?,0
NSKVDVTP,How to quit drinking completely?,0
BT009XFM,how can I overcome it?,0
KO08Y83E," Getting unexpected results, -dissatisfied, ",0
JHPJKYTB,I have relationship issues,0
BWX7DDGA,Is it possible to overcome 0,0
ML4Q1EUL,I feel suicidal but dont know who to talk to,0
1FN3F19Z,Being financially unstable,0
SKQSS8U2,How can i get schoolfee to continue with my education,0
C4ZFBQCG,I feel bad and viewed life as negativecurrently am better,0
66S4DCDN,"I feel lost, unloved, used annd I just wanted to be alone",0
SLQD8WSJ,Is life really fair?,0
AHEFY73G,How to cope with the situation,0
0KPI3LLQ,How to avoid bad company?,0
HYC7XX9D, hopeless,0
N5NIMS0Z,Hopeless ,0
4AEMAVSI,Why is 0 sold along the school perimeter ,0
DQ0ZRCBG,What ways I would use to get rid of my messed up life?,0
9KB39E0J,"how does it feel to drink,will I get addicted by drinking once",0
QNZTZXTG,how can I feel good about myself?,0
3NYXT52Q,What are  the effects of bhang to one health. Reasons why young people use bhang,0
QNG7K64Y,how to avoid 0,0
SJ7CFS9T,What to do in order to heal,0
KQFPSMHC,Can 0 make me forget my problem temporarily?,0
TW5OZ0FT,I feel like I can't handle my thoughts,0
8B74B1L2,how can I overcome 0,0
TI7ZV4JN,What are the effects of 0 on the liver,0
SODQJHO6,I feel like nothing mattered and everything was a messNow I feel like things matter,0
YPERKZ41,What are the effects of bhang?,0
E5CV0MKI,I cannot raise money for my education,0
WYHWQWGQ,My relatives deny me…I wonder if I am part of my family?,0
PU0V70X8,How can one avoid 0?,0
QAA28H63,how can I overcome stress,0
PXYR9D4W,How do I make it go away?,0
9XGSA7NA,What are the causes of 0?,0
I7DEVJAV,Is taking 0 bad?,0
0HK6V5IQ,I am bored,0
5U9CA7JB,what is the cure for 0,0
JG53WKEQ,How can i feel better about myself,0
WV139P3G,Whats the meaning of life?,0
KTB98LYD,Why did my close relatives betray me?,0
G56ZI56J,I feel very lonely that no one could understand,0
43COYA4O,What is the benefit of 0,0
ZVE1876W,Should iI talk to my friends and peer counsellor about my 0 ?,0
1NYXESRZ,how can I be helped to heal from 0,0
RFP8XV4M,I went through FGM when young even though I consented,0
68SJ8EY6, I feel like giving up in life,0
B2YVEKVV,how to get over 0,0
3PQMK4FM,How can I reduce my intake,0
F3UCEDHO,What are the causes of 0,0
NNJL1HJH,Why does one feel paranoid?,0
0RLWLLGO,How can I stop this addiction,0
5QW8WM9C,Feelings of defeat(post exams 0)Motivated to do better,0
U8PFW5XV,I feel like calling off the semester,0
VDCJVJSQ,I asked God to take away the feeling since it was so strong,0
QK0XURE8,What can i doto receive relief?,0
345EH7SW,I feel like giving up in life ,0
NWDQ09Y6,Why is 0 manufactured?,0
AQXE8YUQ,I feel a lot of stress,0
2DQC65OW,I feel helpless,0
5MQ7A91J,How do I deal with  pessimistic thoughts,0
87074JKC,what are the causes of 0?,0
KVEYGOTJ,How to avoid and deal with the situation and how to respond to it,0
LH9R1DBT,What makes my girlfriend cheat on me even after sacrificing everything for her sake,0
2NXFMOKE,I feel overwhelmed with many thoughts to deal ,0
BJLZVXMC,I feel alone and unwanted by people around me,0
HSE1ZTR9,How to stop thinking about 0,0
3PJWHC2U,I feel like my life was being wasted,0
SDPWD1PN,how to quit the habit,0
6O89B9EY,Defering from classes because of finacial constraints,0
T7JBP0IC,How do I seek for assistance with 0?,0
1961MJ2S,I am dealing with  boredom,0
4OESQ1EK,Is there any importance of living again? Why live with no love from those who surround you?,0
X8O9GH1U,The way to stop addiction,0
LADM6UFA,"how will I overcome it,I had an issue with my results and feel so depressed",0
QOFKBPUS,I was dumped and how long should I stay single or sould I jump into another  relationship?t,0
URI1V0R3,I feel heartbroken,0
M2JMY4OO,0 is caused by what issues and why?,0
G44KLZZ4,How can I  get rid of 0,0
JRZYO5O8,what is this I am experiencing I didn’t know it was 0,0
3M7810JM,Can I get help?,0
MADILFL0,I asked if 0 was a right solution to problems,0
2QC3W148,I feel hopeless and wanting to give up,0
WSAVYFFX,"When someone is depressed he/she feels down, discouraged and alone I feel out of this place, lonely and discouraged",0
SEBOGNIF,Ways of distracting myself,0
W907767X,I am sad,0
HE9RC42N,Why am I depressed?,0
I8ZPACQI,Is 0 the solution?,0
DAYJJ61Y,I  feel so low and demotivated I am now okay,0
RYJ3OZ9F,how could I deal with the situation that was disturbing me,0
8ABCNKW4,I am depressed because of the death of my uncle who provided for my basic needs,0
DY1JKMGM,is it really true that weed makes one mad?,0
JAN18LES,Is it normal to feel depressed?,0
FCE44MSH,What is the meaning of life?,0
F8W8NSJJ,I have a feeling of emptiness and alone,0
Q5E4HDTA,How can I stop the drinking habit?,0
73NZU7G2,I want to give up,0
22RORUIT,I was felling stressed and low. How can I cope with the situation,0
S116D8SI,I take 0 for stress management.,0
3X9HWVR4,Why am I depressed?,0
JM5OPG3I,What are the causes of 0,0
PJLYRD1P,What are the coping mechanisms and prevention of 0,0
QQL0MAIX,How can I quit 0ism,0
OMRH3DVV,Is 0 harmful to my health,0
9DNFBSL2,"If one looses a close relative, what advice could she be given?",0
PTGL895A,Is 0 a good stress remover?,0
I3I44B31,I am lonely,0
6V3ZR95L,I lack interest in my life,0
X7MFCWB0,Is little consumption harmful? Owing the fact that I dont misbehave,0
DQG9CGRC, Financial I am okay,0
4UV2FRHD,what would I do to do away with my problems,0
TZ35PP65,How can i motivate myself,0
JOJHW6FC,Is it possible for one to avoid taking bhang?,0
18GKJ3U8,what is the best way to avoid 0,0
ZTHQDLGP,I felt worhtless and like I did not deserve to be alive,0
D7VAHRPJ,I feel so low,0
8CQ5NA5Z,"I feel alone ,how can I get better?",0
6S0LACRA,"I feel rejected,alone and frustratedi live one day at a time",0
D0P1CB0F, I feel so low and I want to isolate myself ,0
BK5X5HHN,  why do young people use bhang?,0
S7MHCGJH,Can bhang make you crazy?,0
UDSG21T6,I took the 0 and I loved the feeling,0
NHTBS1LG,is it normal having 0 ,0
CA0859HT,I feel alone,0
LBV4ISID,How do I stop taking 0? Does 0 have any other benefitto the body?,0
3933159G,I feel awful about my life,0
6X6OH52Q,"Feelings of being low,under the weatherNow I'm better",0
CUERB14Y,Why should I quit bhang?,0
MF0708RN,How to deal with romantic relationships,0
Y3P3JZP1,What should i do when depressed? What can one do to reduce the feelings?,0
ZIPNKKK7,What causes suicidal thoughts?,0
KOORZYC0,I feel suicidal after a break up,0
DCPL2SXG,"I have experienced,feel a heavy burden",0
HB8BVVJ8,Why are 0 supplied to students?,0
4ZTPSBEF,How can I overcome stress to make my life more smooth,0
KH0NT5XD,I had two miscarriages,0
3QGFARA3,"I feel lost,did not what to doI stay positive",0
MYPDFILX,What is the effect of not talking to someone when feeling suicidal,0
FU6XHANF,"I feel neglected,sad",0
84L7CK98,I am dealing with family issues,0
NIKN6HS2,Is 0 really the best method of solving a problem,0
OSZQ8K2J,What can i do to avoid the shame from the village people,0
VG5P3433,How could I survive without my friends,0
L6CVBCFS,This has been occuring quite often,0
EW1NTSYD,How to avoid negative peer pressure,0
R7L7Y1IG,How do i do away with 0?,0
GXWI7EJL,I am dealing with  a break up from my girlfriend and a parents death,0
PY1C5ZVD, I feel like I hate myself and that all the choices I have made are awful ,0
ZV03WYKN,how do I improve on my performance,0
NQ7HK3NP,How to handle 0 and incidencesof 0 to youths,0
PNR0M0CI,Which is the best 0 for me?,0
447QAS4Z,How to avoid 0ism?,0
PTSOT6WO,How do I sought for help in wanting to commit 0,0
X1F6M1BU,I failed exams I had an F,0
CN5UZZA0,I feel like I am nothing in the worldm[',0
YKET9W6S,How can i get back selfworth?,0
8KUTQA8G,Lack of financial support and relationship heartbreaks,0
XK6D0XGQ,What steps should one take when depressed,0
V00KVMET,I feel uncomfortable,0
HE9MDURK,I am really down with a lot of headaches,0
QCT744TT,why does someone drink too much?,0
CI8NAQTY,Will i be criticized for taking weed?,0
ZSF30K8E,What could be causes of stress and boredom,0
M1KNYEPT,How could I leave 0?,0
W0AUKZRT,How to overcome and how o utilize finances,0
0U0Y49QR,How can I seek guidance and counselling in our school,0
6IT1WAXZ,Causes of 0 -How to contol 0,0
7HSK66Q3,Can i be helped?,0
09UQ1YVQ,I went bankrupt because of 0,0
FAU3TYWK,Why is life is unfair,0
LTM0VOJQ,How can I come out of this behaviour,0
JZG8HMQ7,Is taking 0 harmful,0
TZGXQ1SQ,How can i stop using 0,0
3NQJBPAE,Is it right to smoke weed in the name of doing it for the culture?,0
JBSV1NI3,Relationship issues,0
LXE8Y8YR,ways in which one can do to control the thoughts of 0,0
ZPPBDI79,Feelings of unworthyness Don't want to associate with people Feeling things will not work out as expected,0
D62XN9BS,how should i avoid it,0
83YRGPF8,I feel that the world is coming to an end ,0
S6Z4BOS6,My hustle is not picking up,0
WAQY2UT3,how will I live without 0?,0
UY04AGX9,What can i do to avoid loss of concentration in class through fantasizing in class and study times-on romance and ponographic issues,0
20JTA1GT,how can the addiction be avoided,0
B5R3WNYS,Between bhang and cigarette which is more harmful?,0
5MXEJTEL,"I feel so low, what can I do?",0
6FEFKN0F,I need to talk to a friend.,0
4EHEFJ7J,How can I forgive myself from the past?,0
0QXYZFYQ,I feel like I am a nobody,0
NC74KWCJ,Major steps taken to get rid of 0 consumption,0
JQ7A9X4T,The world is out of control,0
R00OLRGP,Lossing bets,0
1SYJ01MY,What are the effects of taking 0?,0
DEAG586I,I feel like giving up,0
LZGOZDYD,Why is bhang prohibited yet it is just like any other drug?,0
7L4SAC5S,Not experienced,0
73C44L96,I feel like crumbling down ,0
KB43N6AK," At home ,no one listens to me, my parents started neglecting and despising me,what can I do?",0
M0DT8TFB,Is weed harmful?,0
20KAZ8T1,"I feel bad,now am fine",0
C8VZAJWW,Low self esteem,0
IO9JHGW7,Is weed really going to give me the energy I needed?,0
Z6F1A8PK,I never sought any assistance,0
C2GBAI5D,How to stop 0 intake,0
H35L8ZD9,how to deal with migraines,0
139DFUFL,Is 0 the best remedy?,0
6SZ3EXJ3,I did not ask for any assistance at first but later and sought for assistance and it helped me in a good way,0
S6WK4NBL,"I feel confused, how can  I overcome the problem?",0
ULID3I4V,How do I resist peer pressure?,0
MYHIEXZJ,I was just tired,0
0OSLJ1HL,Where can i get money to be drinking daily?,0
XDD8ATSC,Why is it so hard to stop being a weed addict?,0
LGAPCAYO, I feel very low and at times ,0
KFPOMS0P,Why am I alive?,0
69V3L12G,Life is just hard,0
BOHSNXCN,What should I do to stop 0ism?,0
GVDXRQPY,How to become my oldself again,0
IO4JHIQS,How can someone stop it?,0
1DS3P1XO,I feel unworthy ,0
ORF71PVQ,I feel so discouraged with life,0
229220,@hectorbusybee check your facebook! ,1
229217,@Hecta-Heck already have one of those ,1
229214,@heckman Hi Derek thanks for the tweet and the detailed comment you left on my blog. Much appreciated ,1
229207,"@joerogandotnet Wife and I saw your 7 p.m. show, had a great time, thanks for visiting San Jose, next time come to Sacramento ",1
229204,@joerogandotnet haha it was funny said hahaha ,1
229203,@Joeri1991 Mooi  You'll never walk alone xD,1
229201,@JoeRHarris yea @thomgait that's my boyyy right there. I taught him well! ,1
229199,"@joepurdy_mw4n lol i know this is way late, but i wasn't actually COPYING them. i was just re-writing them for extra credit. lol. ",1
229197,@joepolitics lol sleep? who does that anymore anyway haha rest well ,1
229196,@joepolitics let me  know when you in ATL &amp;  we'll do it big  you need to come here on the full service tour. how bout it? ShannaBABY!*-40,1
229195,@joepolitics im going to dm you my number... and a msg. please read! ,1
229193,@joepolitics @donniewahlberg whats good boys? joined jimmy's myspace fan page... soldier #415 at ur service! ,1
229191,@JoePolitic they make your poop turn green. ,1
229188,"@joepeach let us know how it goes and if we can help in any way, yes we're very young please don't be too demanding ",1
229187,@joepavlo  I am very jealous ,1
229184,@JoeofJonas ha that was pretty legit. uhmm... i don't wear leotards.. i love heels! heels and dress  cause we're girls... and ur not ha,1
229182,@joenichols How's it going over there Joe?  Saw some pictures of you and the guys with the troops.  U all look sexy in body armor   Haha!,1
229178,@joemqi j.e.a.l.o.u.s. what new stuff are you getting? because i might demand that you share some of it ,1
229177,@joemqi I like your eye my dear! Let's switch?! ,1
229176,@johncmayer aw! Well i can happily say that i would have heard of u! ,1
229172,@johncmayer @markhoppus are you having a bromance? ,1
229171,@johncmayer ...sweet...luvs!  ty for sharing,1
229169,@johncmayer &quot;That's what she said!&quot; ,1
229168,@johncmayer &quot;manlady of the night&quot;...i'm going to find an excuse to say that every day. ,1
229167,@johncmayer &quot;Blue in Green&quot; and &quot;It Never Entered My Mind.&quot; *Hug*  ,1
229163,"@johncmayer - Hey John! Can i see you in NY about end-september - first in october?  your pal, Jonas &lt;3",1
229161,"@JohnCletus YAY!!!!! I am so happy for you! I know how worried you were about getting back in to A&amp;M. Congrats, A&amp;M study buddy! ",1
229160,@JohnCleese Love it!  Always high hilarity! ,1
229159,@JohnCleese brilliantly hilarious. thanks ,1
229156,@JohnCleese    Well I had to sign up after I read the privacy policy !    http://johncleesenigerianlottery.co.uk/,1
229152,@JohnChow oh.. happy birthday! enjoy! ,1
229151,@JohnChow I Can't wait for this new contest of yours!!! Yaaaaaay!! ,1
229150,@JohnChow @LeNuageI only have 168 followers! Show her some love. Lets get it higher ,1
229148,@JohnCBarrett date nights are an important part of IM training.  Gotta pay attention to the spouse once in awhile ,1
229147,@johncass Scrolls and quills? WONDERFUL idea! ,1
229146,"@JohnCarnell Great, not about your form though! ",1
229144,@johncarlton007 Haha you NEED to try the Maharaja IPA from Avery... SO good  [and it's almost 11% -- a TRUE Imperial],1
229143,"@johncabrera Thank you! I will try ever so not to crash.  *btw, just blew my own mind realizing Dr Chang now needs that prosthetic! Loop?!",1
229140,@joemoralez missed you by 10 minutes. Literally. ,1
229139,"@JoeMonmouth now the pressures on to be funny tonight  haha shouldnt be hard, the transplant douchebags bring out my wittier side",1
229137,"@JoeMiechowicz I'm very well, thanks. Winding down for the evening ",1
229136,@JoeMiechowicz I hope so. And red is my favourite colour of course ,1
229134,@JoeMcNallyPhoto yell out the window &quot;Ho chiavatto la tua momma ieri sera!&quot; I made a grown italian man cry with that line ,1
229133,@JoeMcIntyre welcome on board  have fun tweeting :o) ? http://blip.fm/~3xbq1,1
229132,@JoeMcIntyre finally u are here!Awesome!Hope u know how crazy this is-just ask Donnie &amp; Jon  Already looking forward to your tweets...,1
229129,@joemanganiello how was your photo shoot? ,1
229126,@joelysue yeah Word docs on iPhone are awesome  I suggest the Files Lite app too,1
229121,"@joelyme3D lol...i can`t tell u,coz u`re going to laught about it! lol XD n besides it`s all good now...haha,it was smth. really stupid. ",1
229120,@JoelyAh Just sent him an email for times etc ,1
229119,"@joelxx this I definately will like, perhaps someone will buy me this also ",1
229117,@Joelwarneking when you guys are in Spokane we'll take you to some AWESOME thai ,1
229116,@joelvincent Yes! Glad we got out of there. Copper Peak Logistics rules!!! ,1
229113,@joelted well what would you have done? HA. Two decent people in Perth. There ya go ,1
229112,@joelted hey  How're you?,1
229111,@joelstephan Is the anticipation wearing you down? ,1
229110,@Joelsk_ yessir! 9.00pm thursday. dinner b4 for interested peeps ,1
229108,@Joelsk_ I'm with you! Popped Collars are (for want of a better term) just plain wrong ,1
229106,@JoelRonson You're allowed to watch The Wire? I'm only just allowed to watch it and I'm 44!! ;) It is great though. ,1
229104,"@joelreedkeenan i've been there done that, bwahaha! enjoy yourself to feel the feeling, Pak! *nahlohbingung*  good luck too!",1
229103,@joelpiper put in a good word to Kasey.  Id love to do a video for his new album!   Thanks dude.  Hope you're doing great!,1
229100,@joeloleson are you just making up more reasons not to return my calls?     Congrats!!!,1
229099,"@joelo so you had to do some tweeting of your own, hehe. Congrats on the new house, I'm sure there will be great memories in it ",1
229098,"@joelnewcomer this is a little late, but thanks for my #followfriday!!  ",1
229095,"@joelmchale Please give a shout out to my boyfriend Ron Griffin at 10pm show in Denver. He's in the nosebleeds, so really SHOUT out ",1
229093,"@joelmchale It's okay, most of us are conditioned to dead beat dads.  you're fitting right in.",1
229090,@joelmchale I'll be there Saturday night! ,1
229087,@joelmadden you're insomniac !!! lol  I love GC   ho God =D,1
229084,@JoelMadden When is Cardiology coming out? ,1
229083,@joelmadden when is &quot;tommarow&quot; coming out?!?! the song with sean kingston. ,1
229080,@JoelMadden wanna upload a photo of yourself being up that late? ,1
229079,"@JoelMadden teen wolf? speaking of which, how does being a wolf help u be better at basket ball? haha  pretty entertaining though right?",1
229077,@JoelMadden sleep well and have nice drams ,1
229075,@JoelMadden Relax yourself! Sleep well and have sweet dreams ,1
229074,@JoelMadden oh me!! i want to host ur twitter party!! i would love to!! ,1
229072,@JoelMadden lovin the new hair ,1
229071,@JoelMadden is it true that your  gonna be in edmonton ,1
229070,"@JoelMadden I'm a fan of the new hair...I'm thinking you look all sorts of sexified! Keep on doing what you do, because it's working ",1
229069,"@JoelMadden if you have a party, use a hash tag for it so people can track it  like #jmadparty",1
229067,@JoelMadden i wanna be .... a tree! ,1
229066,"@HeckDoodleCake Hahah, sorry.[x It's my mini vacation before I start summer school. ",1
229065,@HeckaHandsome why do think we always asked you to smile in a dark room? lol ,1
229062,@Hebrideangirl I'm telling on yoooooo .. ooo ,1
229060,"@hebiflux haha, sorry about that, just poking fun ",1
229058,@Hebbie it's a me thing. ,1
229053,@heavyyoungin your positivity is always appreciated..  and its not just random positivity either like @iamdiddy its meaningful,1
229052,@HeavyRideatVIVA So there's a chance TH will be there? ,1
229050,@heavymetalchuck happy birthday bub from the guy you dont know down in houston ,1
229046,@heavygrinder totally agree with that. Sasha Baron Cohen is awesome ,1
229045,@Heavyeyeliner that's so cute -totally fitting! ,1
229043,@HeavyBank That's the good part about it. YOU DON'T HAVE TO KNOW ANYONE! ,1
229041,@heavsunshines Thanking you. Always appreciated ,1
229039,@HeavensDarkStar - My favourite Cure song. ,1
229038,@HeavenlyCharm I know it's awesome isn't it? it look like the sun! ,1
229036,@HeatXCL u a real sexy lady  plus u keep it real like the other night u was saying some deep stuff was going to comment but just listened,1
229035,@HeatXCL TO MIA KIDD. ,1
229034,@HeatXCL nooo go to myspace.com/chrisbabiii the joint on there called 'Heart' i wrote that ,1
229033,"@HeatXCL lol..hahahha one of us is nice, and the other one is an asshole, too bad you don't know which one you're talking to right now ",1
229032,@HeatXCL lol yayy Good ,1
229031,@HeatXCL how what? ,1
229030,@HeatXCL  RIGHT BACK AT CHU BUDDY!,1
229028,@HeatsOnFire thanks ,1
229027,@heatransom Thats what I like to hear ,1
229023,@joelmadden i think the hair looks good  now we can definately tell you and benji apart! Hope nicole loves it,1
229019,@JoelMadden i like the original one. match the eyebrow &amp; more mature feeling ,1
229017,@joelmadden i do  hehe,1
229016,@JoelMadden i can't believe people write such horrible rumours especially when something like an unborn child is concerned. nicole rules! ,1
229011,@JoelMadden how sweeeeeeet!  hope you are okay.,1
229010,@JoelMadden Hey! Can I be in charge of chips &amp; dips? ,1
229009,"@JoelMadden Hey joel, next time you come to Manila bring the girls. You guys are such a beautiful family ",1
229008,"@JoelMadden hey dude, hope you good. say hi to harlow ",1
229007,@JoelMadden HELL YES. I'm down with that. Make sure PerthAustralia's included and I will be there front center ,1
229005,@JoelMadden heeey! why wont you follow me on twitter? cmonnnn all i do is laugh for your tweets hahaha folloooowwww me  please haha,1
229004,@JoelMadden Haah  Nice ;),1
229003,@JoelMadden great song even if i can't understand lol ,1
229002,"@JoelMadden Goodnight Joel, sleep well! i've just started a full day of work! at least I have GC's music to help me through! ",1
229001,@JoelMadden Dude. The show sounds good ,1
228999,@joelmadden can i host? ,1
228998,@JoelMadden Back to New zealand again? How about popping back into Dunedin again ,1
228997,@JoelMadden Aww.  My two fav bands in the entire world in one place!!!  ,1
228993,@JoelMadden and @NicoleRichie are an amazing couple who always make me laugh when reading their twitter convos to/about each other  xoxo,1
228992,"@JoelMadden : Big fan, and you have a beautiful daughter... ",1
228990,"@joellyvale Nope, some places I'm finding that are affordable are gross or not ideal. I decided to look in different areas next. Thx!! ",1
228988,@joelkonecny Lost in the woods? Seriously? What happened? Flat tire? Wild moose? So confused..glad u made it home safe ,1
228987,@joelkonecny Can you make a background image for me? Erm... &quot;I made this for Jessie - Joel&quot; ,1
228986,@joelkatte I will...they are off to an awesome start.  I do plan on seeing them in the postseason!  #Brewers,1
228984,@joelhouston amazing run of dates the last two weeks...words don't even do justice. angels around you.  your friendly Compassion USA rep,1
228982,@joelhousman Lol! @sfeuer must have some cool connections ,1
228981,"@joelgeek oh, think i got it. that &quot;relative&quot; was not you nor on your side of the family. Let's keep it that way! ",1
228980,@JoelEsler /waves Hi from another Detroit suburb ,1
228978,@joeldsosa for sure. i'm adding those dates to my calendar. ,1
228977,@JoelDrapper yup. There is a way type export chat to the help bit. ,1
228976,@JoelDrapper thank your for the link! ,1
228973,@joeldavies ah yup twould be nice if it used both cores ,1
228972,@joelcomm thanx ! still learning lingo ,1
228971,"@joelcomm I am not feeling you thinking really, really, really big. ",1
228967,@Joel_winstead  exciting!,1
228966,@Joel_Wigley only if they are chocolate ones ,1
228961,@joek949 well DM your name ,1
228960,@joek949 Of course I will! Ooooh that sounded ever so rude! lol  x,1
228957,"@joek949 LOL...  I know, what made me come up with that!  Oops...  ",1
228954,@joek949 hey!the answer's yes! we're finally here at the same time ,1
228953,@joek949 hehe that would be naughty  didn't know you had a dog? must pay more attention to tweets!,1
228952,"@Joek00l French Vanilla with hot fudge, please. ",1
228951,@johnbweed Good Sunday John! Have a great day! Found you through stories of @BethyBarone and here 'active' twitter ,1
228948,"@johnbolch I'm not keen on some of their stuff....  this however, I like!  ",1
228946,@johnBLG What movie are you going to see?? See Click!!!  hahaha,1
228945,@johnBLG so reply me ,1
228944,"@JohnBirmingham That said, the people giving me directions to the place were impressed that I was seeking it out. Not a total loss ",1
228943,@JohnBirmingham Definitely the Tiananmen Square Anniversary  ...PS Will there be another book in your Time series?,1
228940,@johnbertr oh ponyo. not the best story of miyazaki but terribly cute. ,1
228939,"@johnbernos Seriously dude. Let's get jobs back at Disneyland! I mean, we can still be with RD too if we're seasonal right? ",1
228937,@johnbenfinch happy anniversary man!! U know brennan meant it too ,1
228936,@johnbattelle Ha! I tell you the important stuff.  @italianchick111 Thanks for shout out.,1
228935,@johnbat Hey! Why not try us?  http://limespace.net/,1
228934,@johnbarton and then comes incontinence #3... at the rate you're aging maybe tomorrow ,1
228932,@JohnBaish You're certainly OK now unless all complete lightweights. Are you texting to apologise? ,1
228930,@JohnAwol get a bank job  I just applied at the east hollywood bofa,1
228928,@johnandrews I figured that out a long time ago. ,1
228926,@johnallsopp No worries - Just trying to keep the momentum going  Hope all's well ,1
228924,@johnaferguson I was fine once I moved away from the food table  had a great time tonight and was very glad to meet you too!,1
228923,@johna404 It is great to have a dog. Evgeni is my little mommy's boy... a big mouth from behind me. ,1
228922,@johna404 I am wealthy thru Christ's love and my family...and all you amazing souls...blessings to you!!! ,1
228920,@johna404 Hi I have uploaded 5 completely new Chinese Lessons on www.youtube.com/ChineseLearn Please feel free to watch and enjoy ,1
228919,@johna404 fine! Getting ready to go to a bookstore and later to the church! ,1
228918,@johna404 : good morning.  how are you? xx,1
228915,@John1954Moi happy birthday  21 with experience ,1
228911,@joejonasoff  hey joe what's up??????  ps:i think loco92 is suspend because miley can't have @mileycyrus and loco92 in the same time,1
228908,@joejonaslove hey another jonas fan  how r u ??,1
228907,@joejonaslove hey  What's up? I see that you are the JB fan! as well as I. ,1
228905,"@JoeJonas1Fan1 yes, it is ",1
228904,"@joejonas1fan1 oh okay, well good luck! ",1
228903,@JoeJonas1Fan1 Oh cool ! how was your dayy ? ,1
228901,@JoeJonas1Fan1 JB ARE AMAZING!  don't listen to haters.  btw can you tell your followers to follow me again?? you rock!! ,1
228898,"@joejonas1fan1 I loved the way Joe said that, haha,it was cute &amp; funny!!!Dude,Chelsea got an awesome role in that show!I'd love to do it! ",1
228897,@JoeJonas1Fan1 i love fly with me  especially the peter pan line. soo beautiful. &lt;3,1
228896,"@JoeJonas1Fan1 I know, me too!! ",1
228895,@JoeJonas1Fan1 I cant wait to see 17 again. Zac Efron is a TOTAL BABE!!!!! I will let you know when I see it. Bye! ,1
228894,@joejonas1fan1 hey  her in mexico its earlier its 12:20  but i dont nothing to do...jhajah,1
228893,"@JoeJonas1Fan1 hello, you seem to me very nice! ",1
228892,@JoeJonas1Fan1 haha yay for crust  (i tend to be a little weird when im super bored lol),1
228891,@JoeJonas1Fan1 @PoisonImy lol me either except I gave to. To be able to get in the bus to go to eliches!! Whoo!!! ,1
228890,"@Joejonas1fan1  i know right.    i love him, and his two lovely brothers,    ",1
228887,@Joejoedoyle   I would go with you Joe but I have class. I should go to train for our hiking expeditions in the future. ,1
228885,@JoeJLover2009 me 2...but now im listening to miley ,1
228883,@JoeJisthebest thanks! i was told that in a text today lol. P.S im following you now. ,1
228880,"@JoeJisthebest  love u guys,u all are so talented!! PLEASE follow me ",1
228879,"@JoeJGirl2009 uhh, american's next top model  favorite time of the year?",1
228878,@JoeJGirl2009 Oh... cool... standing out... ,1
228877,@JoeJGirl2009 I wish they were too but there hanging out right now ,1
228876,@JoeJGirl2009 i like fall cuz its not to hot or to cold ,1
228874,"@heathwiggins yummm! i went to village yesterday! finally saw JB w/ dragana, and there was only 3 other people there cause it was 10am. ",1
228873,"@heathwiggins Oh righto. Haha, I've never even watched the show before. ",1
228872,@HeathWhiteaker not that I'm aware of. But you know what Heraclitus said: nothing is constant but change. ,1
228868,"@heathr I suppose children have been birthed for worse reasons... Perhaps... yes, just maybe! Velcro! This is a problem for velcro! ",1
228867,@heathlanyon Praise God!  There are a few of us out here ,1
228865,@heathgerhard Thank you!!! You are awesome ,1
228863,@heatherXpink The one thats all stripey in the background and has the songs all round it  haha I didnt have room for them all!,1
228862,"@heatherxo yo, here is the link to that song we were talking about at lunch   http://bit.ly/VkW6p",1
228861,"@heatherxcobain i know the feeling sometimes! and m great thanks, just got a new job so  x",1
228860,@heatherxcobain but I've blocked her ,1
228859,@HeatherWilson Good morning Heather! Enjoy your diet coke and your day!! ,1
228858,"@HeatherWelliver late night for you, early afternoon for me ",1
228857,@HeatherWelliver Attach him to @Grailwolf after all mammals mammary glands will produce milk.  Or may be formula?,1
228856,@heathervelez do it! i highly recommend ravello ,1
228855,@heatherthorne sounds fun! ,1
228854,@HeatherTesch Then get out there and enjoy  My wife got me a Morning Glory that needs to be planted today ,1
228853,"@HeatherSullivan and, by the way, thanks for helping me define that better. ",1
228852,"@HeatherSolos While you helped with that boat payment.. I'm sure I'm supporting a second home on the beach, now! ",1
228851,@HeatherSolos someday! you guys can make it out... ,1
228849,@HeathersNotBSC idk where i'm going now. took a vacation the last week of may 4 nkotb shows. but i will catch a or 2 show somewhere! ,1
228847,@heathersmusic hope you will get a graet night's sleep! ,1
228846,@heathersmithjec yayyy!!!  hello work buddy ,1
228845,@HeatherShorter Glad to hear you're feeling less punk - the negative connotation variety ;) - today. ,1
228843,"@HeatherShea funny, sounds exactly like my kids ",1
228842,@heatherseed go Tesco or Gaint to sapu all the junk off the shelf ,1
228841,@heatherRSP - noo briannas thing wasnt about you ,1
228838,@JoeJGirl2009 did u hear Niley's new duet ? ,1
228837,@JoeJGirl2009 Aww thanks go look at mileys new tweet its got to do with nick j ,1
228834,@joehodgson geek  and I mean that as the highest compliment xx,1
228831,@joegronlund morning joe! ,1
228830,@joegronlund Good morning ,1
228829,@joegreenz You've lost me there sorry.Even googling didn't help ,1
228828,"@joegreenz you know, I've never thought about looking at the acting in a star trek movie ",1
228827,@joegreenz I was just thinking the exact same thing - can't sleep - not usually on this late - seeing very different stuff on twitter ,1
228826,@joegreenz I looked like a dork in mine couple of years back. Never got the Spanish ones either. But the US folk liked my Kiwi &quot;accint&quot; ,1
228825,@joegreenz Hopefully you will be home soon so you can watch and tweet ,1
228823,@joegreenz - absolutely loved your children's book  Have you published it? And thanks for the link to the band,1
228822,"@JoeGigantino Mine was as perfect as can be, I didn't even have to adjust much to fit it! ",1
228821,@JoeGigantino Ever tried the pumpkin spice pancakes @ I-Hop in the winter months??  Mmmmmmm delicious!!!! ,1
228820,"@JoeGigantino All my days are perfect, thanks. Perfect, whatever they are. I tend to go all they way. ",1
228817,@joegerstandt Good Morning! Hope you have a Great Day ,1
228816,"@joegalea Well, I said &quot;a&quot; football score, not &quot;their&quot; football score.  ",1
228814,@joeframbach yeah. last time you ditched us. but you're still invited. i guess. ,1
228813,"@joefiorini Yeah, necessary and overdue! I used to love going, but got too busy... now I wish I never stopped... ",1
228812,@joefeser And I developed all of our web sites in Edit Plus ,1
228811,@JoeFelix well-balanced emotions lead to happiness. ,1
228809,@JoeEGO I never 4get bout u .. Your my boyfriend #2... whom I lovesssss down .. Let's chill this week ,1
228808,"@JoeeeNagy Hey Joe, don't make it bad, take a sad song, and make it better. (The beatles make everything better) ",1
228806,@joeday hey homeslice. it doesnt work if you don't spell the hashtag correctly     &quot;#sqaurespace&quot;,1
228805,@joedawson Good question. One I can't answer.  http://bit.ly/cagQX,1
228799,@John1954Moi Brilliant  Thanks! Not sure what brownie points will get you though!,1
228798,@john_yeo RE: Blog..oh that sounds sooo 90's!  wouldn't be easier just post up on ur facebook wall? or make Youtube channel?,1
228797,@john_titor nothing! just going home and was probably gonna hit msn to talk to you!  what about you dude?! we should be doing something!,1
228796,"@John_the_Monkey @EdiCycleTrainer After the Birdy, Mezzo and Bike Friday, a Mobiky? ",1
228794,"@john_shields sounds awesome.  i'd love to go up to lubbock sometime, really. I had 3rd grade there. Its a nice place.",1
228792,@john_rostron Ha ha! I like those odds! ,1
228790,@john_ray Bright Eyes=Contentment ,1
228789,@John_Lithgow and @hitrecordjoe  i just bought season 1-6 of 3rd Rock from the sun ,1
228788,@john_lafemina why get a hotel room when we have our own bedroom!!! ,1
228787,@john_lafemina nice!! Sounds like it will be fun ,1
228786,@John_Hinds You're welcome. ,1
228785,@John_Hanna Things can only get better then ,1
228782,@john_bradshaw Did you buy anything? I have nearly the same costume at home ,1
228781,"@John_Bishop Oh, TWITTER FOLLOWERS! WOOOOO!  ",1
228780,@john_a_evans Super LOL at the IE6 stubble ,1
228778,@JohiSD thanks!  Very kind of you to put me in with that fine group. ,1
228777,@johimself Everyone on here is saying The Hangover is funny so download it ... please ,1
228775,@Johelle_xo answer your phoneee! ,1
228774,@johe25 Lol! that happens to me everyday and I get beat up for it ,1
228773,@johawke Spongebob won't leave their vocabulary for a loooooooong time! My oldest is nearly 11 and she's still an avid fan.  ,1
228772,"@johawke hi Jo, i send you a direct meesages. ",1
228771,@johawke  Thanks  Tried to capture as much as I could in the photo   http://twitpic.com/5duaz,1
228770,"@JoHastings Well, watching this series called Legend of the Seeker... not too bad. ",1
228769,@JoHart I'm no expert I'm just me  WP is designed to autosave so you should be fine,1
228766,@JohannTheDog OK your cuteness overrides any mess you might make    It's the ears that save you  LOL,1
228765,@johannesru @kristinacobb @jiggashah guys yall are too funny  made my day!!!!!!,1
228763,@johannasmiles LMAO nice one i should've done that  clear my mind and everything!,1
228762,@joeconway ahhh.. what about the others? like #hoppusday and etc? I'm such a spazz ,1
228761,@joecommisso oh ok kool  keep me informed bout that checked ur paged its nice,1
228759,@JoeClay16 unlucky. keep final destination on the back of your mind all day… ,1
228758,@joechapman: &quot;@messinwiththekid: &quot; &quot; &lt;&lt;*blink* am I at a wedding? @Suzed Well I am a former wedding DJ  &quot;&quot; ? http://blip.fm/~7axd6,1
228757,@joechapman here is a mellow tune for ya! thanks for listening  ? http://blip.fm/~6fxlt,1
228756,"@joechampion Don't lay hands on him Joe, no matter how much he's asking for it! ",1
228755,@joecc LOVE it! ,1
228754,@joecassels Thank you that's very sweet ,1
228753,@JoeCascio Thank you  YOU TOO ,1
228750,"@joeCANCELLIERE ahh, i could easily be persuaded to do that!  a weekend of boston AND boston?  yes, please ",1
228748,@joecab09 haha. I will. Thanks. ,1
228745,@joebrooksmusic happy birthday Joe &lt;3 I wish you a very good day  xo,1
228743,@JoeBreezyOnAir heck yes its vibey!  did they make it on the countdown tonight? imissed it.,1
228740,@joebonsall Thank You for sharing the link Joe. Now - with tears flowing - will watch the you tube video of G.I. Joe and Lillie. HUGS ,1
228739,@joebonsall Just think Conway could have been the one who invented Twitter. ,1
228738,@joebonsall I guess that's why we never &quot;heard&quot; it before ,1
228737,@joebonsall   if anyone can come back the Cavs can ,1
228735,@JOEBO4T because ,1
228733,@joebest66 Hi uncle Joe! ,1
228731,"@joebendesigns http://twitpic.com/7ftor - Lol, awesome! ^^ Yeah, we all wanna help youu!  You'll win your bet! xoxo Lena",1
228729,@joebel good morning baliw ,1
228728,"@Joeballtshirts Yupp  its just my belly, &amp; some photo shop.. ",1
228727,@Joeballtshirts that is a great book! ,1
228726,@Joeballtshirts childish american ways... lol..  i like that saying.. ,1
228724,@johannarose have yourself an iPhone impulse purchase!! Spoil yourself. ,1
228719,@johannajoie i have such a huge grin on my face right now b/c of those  especially the Jemi one ,1
228717,@JohannaFischlin not a problem! Thaanks for the great tweets! ,1
228716,@JohannaFischlin I like ur quote ,1
228715,@johannacherry Short answer: No  Long answer: probably not ,1
228712,@johanlouwers luckily i am in my parent's crib at the Belgian sea. good times ,1
228711,@JohanLindfors the weather forecast says ~25 deg C for the weekend. you better play those games outdoors ,1
228709,@johaneltes Lovely! Thanks a lot for sharing this with us ,1
228705,@jogreeneyes looking forward to talking about that with you!  (inboxes and the way we work),1
228704,@jogotatwitr hahaha... glad you're listening and following on here! ,1
228703,@JOgle84 There's three drinks there. Does that mean I can have one? ,1
228702,@jogger5079 good morning ,1
228700,"@joffhopkins Hello to you both  Post TwitPic! or yfrog, which seems to be up and coming.",1
228698,@joferro It's fabulous! Congrats guys! ,1
228697,"@JofArnold aha, so that's you.  I've been meaning to take a look. Looks cool. If you could just get a pool in there ",1
228696,"@Joezef Adding a plugin is simple, you just have to download the zip file, and upload it via the plugin sections. Then activate it. ",1
228694,@JoeyyJ thats cool. My mom is a teacher in Burbank so we're always like right there. XP ahww i wanna go to the Bahamas! ,1
228693,"@joeyyap Remember his heroic deeds when he and Huang become active in the defence of Xiangyang from Mongolian invaders. ????,?????  ",1
228692,"@joeywatson x-men in the morning, what else is better, right joe?  remeber, no one died!",1
228691,"@joeywatson and therefore, you should come? thursday at vue? ",1
228690,"@joeywargachuk I think you should get two cookies, one of each hand!  ",1
228689,@heatherromney hehe that sounds pretty awesome actually... ,1
228687,"@heatherrain Hi, am an avid follower of Trauma, Life in the ER too ",1
228686,@heatherraescott You have email. ,1
228685,"@heatherraescott Yay on final tweaks.  Okay, really heading to bed now, LOL",1
228683,@heatherpray very sweet ,1
228680,@heatherpeggs  !,1
228678,"@HeatherPark Haha, true! But I've never been able to have it on my plate and actually resist! So good ",1
228677,@heatherp2412 how was your first week or few days back at work??? Hope the kids are doing well ,1
228676,"@HeatherOsborn Me too, me too! ",1
228675,@HeatherOsborn I'll play!  ,1
228672,@HeatherNorlock well.. we got a new house.. and we are mocing in it today.. haha fun fun.. cant wait.. ,1
228671,@heathermeeker I would read your blog! ,1
228670,"@heathermeeker Aww, I'm honored sweetie. Nothing scary about it. Just blog when you're enjoying wine. Kind of way I tweet w @TitosVodka ",1
228669,@heathermarie356 livs did my hair at ihloff this morning ,1
228667,@HeatherLynneA agree ,1
228666,"@heatherlynne09  trust me heather, you only know the right moment when its gone. Like mikaela said, set it up and shoot. ",1
228664,@Heatherlyb Sounds hot. ,1
228662,@heatherlouise24 yeah ill be late tonight too. probs be there 9.30ish hopefully. see ur drunk self there! lol ,1
228661,@heatherleanne Your job makes you sexually frustrated? do tell. ,1
228659,@heatherkupkake my mom's taking Ryleigh the sunday before memorial day over night. Party at my house? ,1
228658,@heatherja11 yes I was there  U can still see it in the archives section,1
228656,@HeatherJ22 pleasure is all mine  might find this article from Her Sports helpful as well http://bit.ly/StayDriven,1
228654,@HeatherinBC That's a funny quote. Lifted up my day... ,1
228653,@HeatherinBC me too! ,1
228651,@HeatherHavoc I'll tell you if there are 300 plays on the new OGTV by this time tomorrow.  How's that?,1
228650,"@heatherhaney 'Twas a pretty cringeworthy Prince of Denmark reference from myself though, wasn't it? ",1
228649,"@joeywargachuk Heh, that is fine. Forgiven! ",1
228647,@joeyTWOwheels LOL...hope it doesn't wash it away...looks like a frog floater ,1
228643,@joeysletnerd aww i am gunna miss you kiddo... i guess we are going have to hang out when you come back. ,1
228641,"@joeyshepp oooh, #SundaySnaps for you, Joey! You go, boy! ",1
228640,@JoeyShenouda Good morning to you too ; while working on that; don't forget to enjoy the weather ,1
228637,@joeys_nurse no it's for this acct ,1
228635,@joeyponesu soooooooooo far from perfection. ,1
228631,"@joeypage Psh, forget the Chicago show... Cali. show ",1
228627,@joeypage its a beautiful day in delaware too. ,1
228625,@joeypage i loveee sushi ,1
228624,@joeypage I bet you doubled your score when you put it on the paper . CHEATER ;) haha jk. get your butt on myspace &amp; talk to me ,1
228623,@joeypage Haha wow. Have fun! ,1
228622,@joeypage  hahaha a monopoly jerk... and @justin1089 needs to be nicer to youuuu ,1
228620,@joeymcinyre hia. hia how u doing? av jst watched the vi to the news song tht u done. loving it  it was awsom .xxxx  =d,1
228619,@joeymcintyre: I love the new background Joey and I emailed the foundation to be a volunteer!  Take Care for now! see you in STL!,1
228617,@joeymcintyre You the man ,1
228616,@joeymcintyre You ROCK!! You picked my girl @irishgirl75 for your book drive ,1
228615,"@JoeBaguley Gartner is the custodian of our industry's vocabulary - as my son would say, just deal with it man ",1
228614,@joebadmo thanks! I guess you'll like 1.6 ,1
228613,@JoeAtExit41 How far? ,1
228612,@JoeArangio WHO WHO WHO?!?!?!??!?!?!?!!? ,1
228611,@joeaholmes cool.  i wish i would have stuck with ballet. :/,1
228610,"@joeag I prob shouldn't have asked I don't know many britney songs haha I'm listening to marinas trench  what u up to, get in the sun ",1
228608,"@joe2cool 55 Cruise consultant, eh? My Mom and I are looking to take a cruise somewhere in the next couple of months. Consult me. Lol ",1
228607,@Joe_Wallace  hahahahaha &quot;Mew Grant&quot;...&quot;stray&quot;  very funny! ,1
228606,"@joe_turner full naim setup now and it's freaking awsome 202,250,flatcap,napsc,cd5x and allae's. My turn to keep the neighours awake now ",1
228604,@joe_librarian &quot;discreetly hiding your list of best ever metadata formats&quot; before someone realises you really are a librarian really ,1
228602,@Joe_iN_MyPocket travis made it  home made fried zucchini,1
228601,"@joe_g1986 vamps, then she can watch Interview with a Vampire.  Still far, FAR better than twilight, which is just... a LIE!  ",1
228600,@joe_earley haha that's funny.   (oh and i love you new mantra!),1
228599,@Joe_Dood That's wonderful!! ,1
228596,@joe_boy82 they are covering my glasses. you can just see them ,1
228595,"@Joe_90 let's do wednesday? Just lemme know a time an a place, e mail though not on here ",1
228594,@Joe No better feeling!!  Nice to tweet you by the way.... ,1
228593,"@Joe If you get one, at least go halves on it with me!  #twitterlovesstavros",1
228592,"@Joe haha, you're joking right? I'm here on leisure, will be tweeting throughout E3 ",1
228591,"@Joe Don't blame you!  By the way, with http://tr.im/bitlyaddon could see thumbnail w/out opening link. Gr8 Firefox addon!",1
228590,@jodz prolz not  its a bit ambitious...,1
228589,@jodywink I love you ,1
228587,@jodysauce let me know as soon as you know so I can be sure to not take any gigs  oh man we are going to paint the town red!,1
228586,@JodyneL awesome you'll love it!!  also you'll be saying 'oh whats occurin' all the time now..I warned you.,1
228585,@JodyMoon Hi Jody.  Off course. i hope well?? thanks for #samesexsunday LOL ,1
228584,@JodyMeyer they're really spoiled - my dad gives them so much sweet corn that they ambush ppl wanting corn  - will eat it from my hand,1
228583,@jodymazer glad you had a good time ,1
228582,@jodymal thanks for the #FF next mastermind I'd like some more info on the benefits of FF - I don't quite understand it's purpose yet  ,1
228581,@heatherhaney see my facebook status for my two cents ,1
228579,"@heatherface Nope, I haven't done anything to them! They've always been crazy bright. ",1
228574,"@heatherdune Well done, Heather. Good luck with the novel &amp; I hope you get lots more Kindle sales ",1
228572,@heatherdrich thought of you when i saw this  http://twurl.nl/f4c0k7 hope to your best again in the future ,1
228571,@heatherdee409 I wouldn't say that's the recommended way to do anything   I just know that it actually worked.  Silly nissan,1
228570,"@heatherdedona wow, that's really deep.  thanks.  ",1
228568,@heathercw I knew I liked him. ,1
228566,@HeatherBUB ahah. well it's up to you ,1
228564,"@heatherbrewer Hey, I'm orig from Upstate, NY! Where you thinking of movin'? ",1
228563,@heatherbrewer enjoy the time ,1
228562,@heatherbrewer But now you...You really should be writing. I need more to read. ,1
228560,@heatherbond I'd love to!! ,1
228558,@heatherbilodeau Never annoyed! You are keeping me from going insane with bordem.  13...,1
228557,@HeatherBetty no worries ,1
228556,@HeatherBestel Morning Heather - It's a big move from being the eldest in P7 - to being the wee ones in first year! She'll be fine ,1
228553,@heatherbelly be careful... My crackberry took a toilet dive..... ,1
228549,@HeatherAnnP Yayyy ,1
228548,"@HeatherAndrea Oh well hell ... it was a nice fantasy, no? lol ",1
228547,@HeatherAndrea No promises on staying outta trouble! ... You do the same! ,1
228546,@heatheramyprice so you leave your computer on all nite and there is it when you wake up ,1
228545,@heatheraewalker Oh dont worry its fine ,1
228543,@Heather1ynn You must have just saw something crazy! ,1
228542,@jodymal LOL thanks   Just trying to get things decent for the weekend.  we are going to be really busy - don't want an even bigger mess,1
228541,@jodylouize No no No...Thank you.  x,1
228538,@jodylaforge Jodyyyy  No talk for a long long time! whats going on? x,1
228536,"@jodyg You rocked on Fox News this AM, &quot;I don't know HOW it gets great mileage.&quot; Priceless ",1
228535,@jodyg Rock N Roll ,1
228533,@jody74 Haha! I wonder if my mom had the same thought whenever I stayed home sick from school. &quot;This close!&quot; Better luck next week ,1
228531,"@jodrell that is next on my list  I don't like twitterfic that much, and event box is too much.",1
228530,"@jodmentum oooh, I don't know, some guy we picked off the street? ",1
228529,@jodixhavok sounds like fun  what are you listening to?,1
228528,@Jodis_Tweet Oh you will!! And it will be fabulous!! ,1
228527,@jodirocksmore I have 2 no doubt shows..  tonight &amp; tomorrow night.. C'mon its how I roll!!,1
228525,@jodinescorner That's a big accomplishment ,1
228524,"@jodimullen haha, Kopparberg is a Swedish brand, and here only girls or teenagers drink it ",1
228523,"@jodimba I OFUND A FEED!!! Quality is crap, but I saw you in the audience! ",1
228522,@jodimariethomas hey Jodi.. what's up??ugg.. im bored.. i just made a sundae.. c u monday.. ( hahaha it rymed...) loll. cu in school ,1
228520,@Jodiluvsjordank  no you are! lol,1
228517,@jodikicksass I didn't switch due to a book or anything.. so it wasn't too hard for me.. I don't dream of cheeseburgers or anything ,1
228516,@jodikicksass good point!  ,1
228515,@jodiiles you are my friend ,1
228514,@jodifur well if you change your mind. ,1
228513,@jodifur Congrats on the offer!! I hope you get what you want or more!!  So exciting!!,1
228510,"@Jodiesirovy Gee, maybe I should be in a bad mood more often then. ",1
228509,@jodiesays it was i was all  ,1
228508,@jodiesays  will there be any giiiirls there?,1
228507,@jodierecommends ty for ur follow  Hope all is well w/ you ! ,1
228501,@Heather_Rene if it were only that simple ,1
228500,@Heather_Poole Must be a So Cal thing. We're not quite as nutso in Nor Cal. ,1
228499,@Heather_Poole ,1
228496,@Heather_Frable haha i might get a phone like that ,1
228495,@Heather_cowgal Squeeeeeeeeeeeeeee.......wow.....Jon loves Jonland today ,1
228493,@heather_cooper ouch. i don't think i was bitten once  haha. did you see the new moon trailer?,1
228492,@Heather_Buchman Thanks for advice.  I am stoked about Chalean Extrme - gotta give myself a break from Tony's P90X extreme  ,1
228491,@heather_black I right here. ,1
228489,@Heather__B you need to bump up your twitter game ,1
228486,"@HeathenMom  she had no problem with the actual work, it was a matter of the 'I'm not gonna do it'  _ we did take a break but she did it",1
228484,@heathcrush you are welcome!!! ,1
228483,@heathcrush I don't ever want to grow up ,1
228482,@heathcrush Good night! ,1
228481,@heathcliffej errrr isn't every day a rest day for you?  Had an amazing meal out at the Ledbury in Notting Hill last night.Drank too much,1
228478,"@HeathCastor is my heart ruling my mind? maybe im not right every time, i know im right about this love of mine  One of my favs",1
228477,"@HeathCastor hmm....both sound like my cup of tea.  I love scruff, and a pro blusher eh? Hmm. Tough crowd. No porn for you then.",1
228476,@HeathCastor Happy birthday ,1
228472,@heatharrrrgh http://twitpic.com/589yn - Can I have one of the Red Bulls?! ,1
228470,"@HeatFan  @Haunted_Girl I like the last one you posted a pic of too  I would pick that one personally, out of the two",1
228468,@heartymagazine ahem..i mean lovely ladies ,1
228467,"@hearttwozero true, but they also have sports and talk radio and some really neat comedy channels ",1
228466,"@joeymcintyre you guys r so awesome, after the concert you sing more at HOB. You spoil us, but don't stop! I know I love it. ",1
228465,@joeymcintyre YOU GET MY 900TH TWEET!!!  LOVE YA!,1
228464,@joeymcintyre You are just too Gorgeous ,1
228463,@joeymcintyre Yeah!!  GO YOU!!  You internet-maestro you!!!  Now post some pics of your legs.. been awhile..   Love you.,1
228462,@joeymcintyre Yeah! You did it! Now do ME!! ,1
228461,@joeymcintyre yeah but if your dad's accent is like yours then it was &quot;Simmah down!&quot;    Love that tidbit!,1
228458,"@joeymcintyre Will be donating thru the site shortly, gotta get the credit card! What a great cause ",1
228455,"@joeymcintyre What did Griffin get mom for Mother's day?  My Golden Retriever, my child, got me a Starbuck's gift card, super sweet! ",1
228453,"@joeymcintyre Well, no, but then, I didn't think you were mad to begin with. Hot, but not mad. ",1
228452,@joeymcintyre we will be watching when it airs here so it will feel like we are part of it  So Australia will be there in spirit!?,1
228450,@joeymcintyre We can't believe you waited so long to Tweet too...What has gotten into you  lol Love ya Joe!!!,1
228449,@joeymcintyre We always knew u were hot... tonight u proved it ,1
228446,@joeymcintyre Twittle Twittle! ,1
228445,@joeymcintyre Too funny...I love it! Let's Read This! ,1
228444,@joeymcintyre That's so sweet!  What a cute picture ... little Joey Joe     Good memories... Joey Joe is what I used to fall asleep to! ,1
228443,@joeymcintyre Thats awesome Joe!! Have fun with it ,1
228442,@joeymcintyre Sounds good to me!  Counting down the days! Love from Holland ! X,1
228441,@joeymcintyre Sounds good to me ,1
228440,@joeymcintyre So sweet u giving out birthday tweets   Did u wish Drummer @_CrC_ one too ;),1
228433,"@jodiemim Yeah, I just can't do a backpack because my back gets way too sweaty ",1
228432,@jodiem oooo i havent seen the frunk tweets from yesterday! will check the out ,1
228430,@jodielynne I was really happy to see that too! ,1
228428,"@jodiekearns easy - you get the iphone, @jamesmoran gets you the corset, everybody wins ",1
228426,@JodieGiese yeah- there was definitely a pillow fight. ,1
228424,"@JodieGiese Hey, did you call to thank me ?  no prob. i hope it helped out!",1
228423,@JodieGiese For you? That seems like a silly question ,1
228421,@JodieDibbs Thankyou babes. Hope you have a good day today watchin the men  enjoy the sunshine! xxx,1
228420,"@JodieDibbs  Wow, shower sounds gooooddd  XXX",1
228418,@jodie_marsh twitpic.com or something ,1
228416,"@JodiCleghorn I was thinking of you last week, there is a &quot;Gleghorn road&quot; in Kallista ",1
228415,@JodiCleghorn Ditto on the product floggers  Rereads of On Writing always does the confidence good!,1
228414,"@jodicasting Oh, let me guess ... pink car? ",1
228413,@JodiBredekamp Lol... no I don't  Patiently waiting... GETTING IT IN THE WEEK!!!!,1
228410,@JodiAlbert Awwww bless him!  Bet you're both very excited!! All the best for the future! Love ya both! *Big kiss from Belgium* ;),1
228408,@JodiAceVA Not as productive as I'd like. Have been in meetings until now and have HEAPS to do. Guess I should get off Twitter? ,1
228407,@JodiAceVA  Thank you so much I love my helpful twitter friends ,1
228404,@Jodi_Kiely we should ALL dress up in little red starfleet miniskirts! that would be so much fun ,1
228402,@jodenecoza You're welcome ,1
228401,@jodenecoza You're OK.  It's 8:00 pm here.  You can stay up a while longer.  ,1
228400,"@jodenecoza lolz hi there!  your top favorites will be great haha. Creative and Fun , thanks!",1
228396,"@heartstation it's a great website, keep up the good work! look forward to reading it once i get my Japanese working  have a good day!",1
228394,@Heartsongs Internet radio does wonders. ,1
228393,@heartsnsparkles i lurrrrrve that song ,1
228390,@heartreach Thank U for the #woofwednesday waggly tail...  I love waggly tails!,1
228389,@heartoholic Thank you ,1
228388,@heartofzaphod What a gorgeous puppy *heart* ,1
228387,"@heartofwisdom Young's Literal Version is a word for word, so I think they literally translated word for word hehe. ",1
228386,@heartofwisdom Amen ,1
228385,@heartoffire okay doke  u with neil?,1
228383,"@heartns0ul I wish you could come, too! Have a fantastic weekend. ",1
228382,@heartnibbler food network has a magazine? ,1
228378,"@heartmychloe Yeah, they'll never be at the same school again..I almost cried when I realized that! Then I had chocolate &amp; felt better! ",1
228377,@heartmychloe I've got it set up to tape already ,1
228375,@HeartMileyCyrus yea. you have finished your day at school ? ,1
228374,@HeartMileyCyrus thanks for following mii back! hope we could be good twitter buddies! ,1
228373,"@HeartMileyCyrus omgosh, that's awesome. i know how to speak indonesian ",1
228372,@HeartMileyCyrus Okay ,1
228369,"@HeartMileyCyrus Im ok, and in a cant-be-bothered-doing-homework-mood. HBU? ",1
228368,@HeartMileyCyrus i had 'em yest ,1
228367,@heartmileycyrus How about a sandwich ,1
228366,@HeartMileyCyrus hey  how are you?,1
228365,"@HeartMileyCyrus heey, sup ? follow me ? ",1
228364,@HeartMileyCyrus Hahaha! Yess  please follow my 2 wonderful cousins! @yana008 and @gabbie18  and @SupportMadison = I made this. ,1
228363,@HeartMileyCyrus - hey! how're you ? ,1
228362,@heartlessdancer maddieee&lt;33 i miss ur crazyy cat woman butt ,1
228361,@heartless_stef hey how r u...sorry I haven't replied..but twitterberry be acting up! How was ur weekend? ,1
228359,@heartilei  That made me smile!) I hope too! I miss our diamond family...Diamond days..walang papantay!,1
228355,@Jodeenahh I still havent seen Charlie on confused.com advert =[ i keep seeing the same one. I've seen it on youtube though ,1
228354,@Jodee2601 What is earth hour? Have you been travelling in space Jo?!!  xx,1
228353,@Joddles ty  30 came way too quick,1
228352,"@Joddiiee thanks,  i didn' win x] shocker ;)",1
228351,@jodcast thanks for sharing the ? (photon) entry  ,1
228350,@Jodasaur thats sooo cool  I'm okay - hair stressing - but thats me for you  Was just looking at your flickr - you were blonde?!!!,1
228349,@Jodasaur I wrote my comment four times - it wouldnt let me comment hahaha - proves how much I love you  x,1
228348,@Jodasaur christian too  - I never knew that - heloooo there ,1
228345,"@jodabone Exactly, you know how that goes. ",1
228344,"@jodabone Cool, meet u there!  I'm gonna drive tho cause that's a long walk up the hill... lol. Before 9am they got Early Bird Specials.",1
228343,@JoCoWash Att iPhone page was down this morning ,1
228342,@jocope Or lack of oxygen!  Im currently rediscovering micheal Jackons 'dont stop till you get enough' which is grossly inappropriate...,1
228341,@jocope Lots of scones and tea - I was following your dietary advice from last week ,1
228340,"@jockmac yeah, noticed that 8000th Tweet - worked for me!! ",1
228339,@jockinKD like deoderant or bodily ugh*gag fluids lololol sorry dirty mind. Don't ever put figure it out urself. ,1
228338,@jocke Move your settings to your dropbox folder. ,1
228337,@jocke Cliffhanger! *suck* ,1
228336,@JocieGrossie Awwww you shoulda asked me long time ago! They're right by the LB airport. Behind the Wal-Mart on Carson and Paramount... ,1
228334,@joceycouture So excited your going ,1
228332,@JocelynWolff im so excited for the concert! ,1
228330,"@jocelynsyme Awesome catch up, yummy drinks and food  Thx for OTH 2 you're a champ  enjoy your night at home",1
228329,@jocelynseip Thank you - If you like please leave a comment and Subscribe!   Chicago another great musical.  Thanks for your support.,1
228328,"@JocelynnDrake Since your publicist never got back to me, I just entered. REALLY want to review it ",1
228326,@JocelynHWOOD I'm finally listening to Chroma! I absolutely love the singer's voice. Perfectly pitched ,1
228323,@joeymcintyre read mine mr mc..mine's the best ,1
228321,@joeymcintyre Peachy cuz u r in GA the peach state ,1
228320,@joeymcintyre OH OH ME ME ME!!! lets have a lunch date ,1
228318,"@joeymcintyre Nick &amp; parker say hi by the way,their my boys!my little one calls u oey!  ",1
228316,@joeymcintyre Love ya Joey  You Rock!!! xoxoxoxxoooxoo,1
228315,"@joeymcintyre LOL  I heard it was HOT!! Thanks again for recording 5 brothers and a million sisters, Love it!",1
228314,@joeymcintyre knight joe sweet dreams ,1
228313,"@joeymcintyre just teasin', ya know!  I'm happily enjoying this lovelllllyy Sunday! Might hit up the DQ. I need some ice cream.",1
228312,"@joeymcintyre Joey, please please if you could, send me back a reply im dieing im such a big fan, im going to the TO concert on sunday ",1
228309,@joeymcintyre I'm tingly- but sadly a long way away in Edinburgh!! LOL Have a great time  x,1
228308,@joeymcintyre i'm getting all nervous for tomorrow in Fairfax   See ya there ,1
228307,"@joeymcintyre I'd be there in a heartbeat if I could...but not job =no funds, but lack of funds can't stop the love we are all sending  ",1
228304,@joeymcintyre I was reading books 2day with my 10 month old god-daughter...there is no feeling like it.  Loved the vlog ,1
228302,@joeymcintyre i wanna come ,1
228300,@joeymcintyre I remember u would always do a show around this holiday weekend. memories mahasha ,1
228299,@joeymcintyre I made you this! Griffin/LGT.org Twitter background! Make sure you view full size image http://twitpic.com/6rtaf! ,1
228298,@joeymcintyre I lke it when u tlk that way! hope u guys get out &amp; c sme of hotlanta 2nght ,1
228297,"@joeymcintyre I know this may be a little late, but I was able to resize your background pic, so it would tile perfectly on ur background ",1
228296,@joeymcintyre i hope you're having sweet dreams! you definitely make mine sweet!  xoxo,1
228294,@joeymcintyre I have to be in San Francisco this week unfortunately but I will see you in Miami!  ,1
228290,@JocelynB81 A full calendar ,1
228288,"@Jocelyn_Heins  Yeah I'm going for pre Aryans [a bit], Aryans [a lot], cosmo argo and problem of evil. Woo-diddly-hoo.",1
228286,"@JOCCITY lol yeah, 2 more ppl just followed me so who really knows! people love people who actually reply &amp; have convos ",1
228285,@jocastawilliams @davideisert I am sure Mr Eisert will be happy to hear that you joined. ,1
228284,@Jocassels You're welcome. ,1
228282,"@Jocassels helloooo i am very well thanks, gorgeous morning and a day off  OH grumpy though!",1
228280,@jocalling Anytime ,1
228276,@jobsworth I've noticed they don't have a high SLA on the for repair service on that display ,1
228274,@jobsworth @dahowlett wise words as always JP ,1
228273,@jobstarter thank you ,1
228272,"@jobshuk If you need any help with the short translation project, just let me know ",1
228270,"@jobrosluva Hey, thanks for following me. U r awesome. I love your tweets. U shoot it straight at JG and I like that. ",1
228267,@JoBroSelenaDemi not much just watching this weird show on mtv haha ,1
228266,@JoBroGirl25 haha yeah. it would be awesome though!!  youre welcome.,1
228264,@JOBOBEAR He's amazing all the time. Rofl ,1
228263,@Jobmuscroft Just about did it ,1
228262,@jobincantony nannayi ezhuthi ennu paranju. Maths tough aayirunnathre....Thaks for asking ,1
228259,@jobelleasto Saw your tumblr pics.! You're lookin so grown pretty lady! ,1
228255,@jobaxphilxianxo ill be at work but ill try to keep u updated as best i can! ,1
228253,@joeymcintyre I bet all my $ on JONES BEACH! ,1
228252,@joeymcintyre I already recruited ppl from my work to donate. I'll bring the donations with me to the concert in July. ,1
228250,@JoeyMcIntyre http://twitpic.com/6h6aw - Me likey a lot ,1
228249,"@JoeyMcIntyre http://twitpic.com/6h6aw - HOT stuff....D Dub, you make me weak in the knees baby..22 years ",1
228246,@joeymcintyre hope you are following John Mayer. hahaha! you have GOT to see this! ,1
228244,@joeymcintyre Hi Joey Just Wonted To Send You Some Love ,1
228242,"@joeymcintyre hey, we're chatting with Rob ",1
228240,@joeymcintyre hey joey   my Birthday is in two days! ,1
228237,"@joeymcintyre hey baby!!   bow was rehearsal today? Recap? (via @BTBTB_25) bow=how, hee",1
228236,@joeymcintyre Have a great show tonight!!  Enjoy your brief time off too!!  I appreciate all you've done for all of us   Jenn from Vic!!,1
228235,"@joeymcintyre Good night, Joe. Hugs. ",1
228234,@joeymcintyre Good Morning babe` u have been kinda quite on da` boat! Letting Jordan &amp; Jon do all the Tweeting..hahah  wanna hear u!Carmen,1
228233,@joeymcintyre good luck tonight joe. y'all did a wondergul job in atlanta. hopw to see you back next yr... ,1
228232,@joeymcintyre Get ready to take it to another level...party starts tonight! No sleep til Monday ,1
228229,@joeymcintyre BEE GIRL HERE! I can't wait to see ya buddy &amp; I'll try to get my book donations to every show I do! Hope u are having fun! ,1
228228,"@joeymcintyre Awww, how sweet!  I love you too   ..... how many people sent you the Rod Stewart clip from youtube?!  LOL!",1
228225,"@joeymcintyre @jordanknight You boys get some rest, good night ",1
228223,@joeymcintyre  PLEASE send some nectar to us UK girls  Joe ?!   xxxx  ,1
228220,"@joeymcintyre  made my donation online yesterday, and ordering my tshirt!!!  xxxxxx  UK",1
228219,@joeymcintyre  Love ya! Have a good one! ,1
228217,@joeymcintyre  http://bit.ly/195qq0 Going 2 keep tweeting it till I get a reply!! ,1
228216,@joeymcintyre - Hey Joe! How about acension?   That's what you guys keep celebrating! Right?,1
228215,@joeymcintyre  Greece is ready for a &quot;Full service&quot;!!!! Joey please do something for that!!! ,1
228214,"@joeymcintyre  CAN'T WAIT TO GET BACL TO CHICAGO, CAN YOU  MAC................... AHHHHH, THE GOOD OLE DAY'S...... ",1
228211,"@JoeyMartelli hahaha, paulene starts exams this friday. i'm so happy i don't have school!  and i might go down the shore this thursday. ",1
228210,@joeymarieward I wish it was warmer here in South Dakota so I could go to the pool!  have fun!,1
228209,"@joeymagnumryan I'd do it, but than you'd expect it everytime you need saving ",1
228207,@JoeyLondon good night! we just start the day ,1
228203,@JoeyHomza ill have to add u ,1
228199,@Joeydonahue hahah i'm about to go to bed because me and hana have strengh and conditioning at 8. but i just got off myspace ,1
228198,@JoeyDivision you never fail to amuse me ,1
228196,@joeybravo13 Not everyone can be a Longhorn.  Glad that you got a chance to meet Mr. Black and we hope to see you again soon!,1
228193,@joeybilancia i just drove by taco bell dropping john off at home.. i thought of u. just thought id let u kno ,1
228191,@joeybearlover hey! ,1
228190,@joeybaker Good idea. I'll see if I can do that this weekend. P.S. you should follow me so I can dm you ,1
228186,@heartfeltme thx for the congrats but it was @charmimsy who was featured ... I just designed her shop graphics ,1
228183,@HeartDog It's a great show.  Did you know Victoria is on Twitter? (@ItsMeOrTheDog),1
228182,@heartcornbread i am truly excited! You ladies give off the most beautiful vibes  I will def be bringing u with us in my pocket,1
228180,@HeartConverse ounds real good save me some ,1
228179,@heartconverse  e dear to you to bless you with something or someone else.. all will be fine ,1
228175,@heartbrken4evr It was pretty good ,1
228174,"@HeartBreakV Imma have to say a 1968 Cobra, Cherry Red outside with White leather buckets seats w/the cherry trim ",1
228170,@HeartbreakJulio Your my food soul mate I know these things ,1
228169,@Heartbreakers PASSED ALL MY UNI EXAMS  thanks for getting me through all the revising ,1
228168,@heartandhome hey....30 isn't that bad. And I don't consider myself  in an old persons group. We are still young ,1
228166,"@Heart_song Glad you had a wondrous Beltaine! Mine was quiet, yet in sync with the season.  Miss you all...",1
228165,@heart_life I think u should tell them u'll make a decision in the next few days and wait...unless this was the one u REALLY wanted ,1
228164,@heart_3boys thank you! ,1
228163,"@hearsmusic it really is somewhere between Freaks &amp; Geeks and HSM, which I don't mean to damn it.  ",1
228160,@HearingDogs I'm guessing it wasn't dry dog food ,1
228159,@HearingDogs Can we see? ,1
228158,"@heaptweets hello, heaptweets. sooo, would we know by now if our tweet was going to be used in the biog? ",1
228157,@Healtrap Буду �?тарать�?�?...и что �?амое главное &quot;подкачаю&quot; �?илу воли ,1
228156,@HealthyVoyager and a partridge in a pear tree? ,1
228155,@healthyperson Get 100 followers a day using www.tweeterfollow.com Once you add everyone you are on the train or pay vip ,1
228151,@joeyalarrilla A Bit of Fry &amp; Laurie is a must-see  There are heaps on youtube but the discs are a must-have too.,1
228150,@joeyalarilla Yes. Hahahaha. Will definitely keep you young. I think it's designed for 7yos. ) But it's really fun talaga. ,1
228149,"@joeyalarilla hmm, hard to think of anyone bigger than @oprah, hehehe. Most likely stars with a lot to say, maybe Paris Hilton ",1
228148,"@Joey_Smith - If you're teaching it, you darn well better be there!  LOL!  ",1
228146,@joexxx you alright joe?! Anything happen beside you.. hope ur safe ,1
228144,@joewhite89 joe have u got the off app? I love it! Sleeps locks restarts or turns ur p.c or mac off from ur iPhone with a single touch ,1
228140,"@JoeUgly PS, pick me up a copy of Battle for the Cowl #3 while you're there ",1
228139,@JoeTurksta Haha Houdini ? Swore you were following.. Guess my eyes were deceiving.. Ngeaht. Nothing but love ,1
228137,@joetteharkins hi cuz  good luck on the house hunting!!!,1
228135,@JoeTrippi It's not a criticism. Just a observation ,1
228134,"@JoeTortuga Awesome, might poke you later on, if you're still ingame!  (IGN: Katisha on Windfola)",1
228133,"@JoeTheProducer Thank you my new friend for the McLovin'  @JoeTheProducer: Entertaining, engaging and fun. ---&gt;@DrAngelique",1
228132,@JoeTheProducer My pleasure Joe. Mean every word   #FollowFriday,1
228131,"@joethemusician Thank you,  Have a great day, Love you.  I'm going to take a nap with Mom,, maybe even sleep.  ",1
228127,"@joethedrummer hmm, you doin some interesting following!..gonna dip into them for starters and see where I end up! ",1
228125,@JoeTheDon Follow me! ,1
228124,@JoeTampa Thanks for the #followfriday recommendation!!! ,1
228123,@joeswan82 WPF flame wars! ,1
228122,@JOEsus YAY the first illness you get that is not because of some kind of sexual activity! ,1
228119,@jobangels new changes to the site going up over the next few days  #jobsphere - 3 new jobs posted @ http://www.jobsphere.org/ #jobangels,1
228118,@Joball721 i've booked it ,1
228117,@jobadge thank you! Needs a lot of work but already a billion times better! ,1
228116,@jobadge now there's a case where funding has actually gone to the right place ,1
228115,@jobadge @AJCann Sure no probs. Just whenever suits yourselves as I'm on campus all week now! ,1
228114,@jobadder It's a part of our shitty CRM. Why don't you stop building jobadder and start building a great recruitment CRM? ,1
228112,@joasakura Thanks! have a great weekend.  ,1
228111,"@joaquinuy  Mongrel is the canadian distributor, and it's coming out on dvd next week in canada already in cinemas.  saw it many times ",1
228110,@joaosolution welcome JB! ,1
228109,@joaomamedes Follow now ,1
228107,"@joaocalistro Yeah, it seems so. Not so accurate but still I liked the service ",1
228106,"@joaocalistro mine was good, wet but good ",1
228105,@joanvaughan Lol that's a new one! Yay! Steely-eyed missle woman am I! ,1
228103,@joansprinkle I'd be happy to help you figure it out ,1
228102,@JoanRivers___ Way to go ,1
228101,@JoanRivers___ Joan ur a rockstar! every gay in america is chearing for you! ,1
228100,"@joannyyx3 coz, idk. But i made it better  Naw, he does not. He's lame, haha ^^",1
228099,@joannyyx3 :O  thankk you!! yoou have a pretty nice dang hair yourself!!  i love yourr hellokitty necklace! xD :O -steals itt!,1
228098,@joannya thank you ,1
228095,@joannnnn  prom kids are so cute!  and cute for you guys ,1
228094,"@JoannMS Hey!  Feel better, well I hope you feel happier   Have an awesome rest of the day!!",1
228093,@Joannevance Morning there. ,1
228092,@joanneteh Never mind. What are you doing in Friday afternoon? It's just hard to get motivation for work. ,1
228090,@joannesmedley Principally Acts 2 but bringing in a bit of John 15: the Holy Spirit as Advocate.  ,1
228089,"@joannesmedley For example, after a break of a microsecond, I can see the word &quot;piece&quot; would have worked so much better in previous tweet ",1
228088,"@joannesmedley /// Just been looking on the met site and should have passed over within the hour, hopefully  ",1
228087,"@joannesmedley  Darn,t mention what i,ve had for tea as i may get the butchers following me ha ha ",1
228083,@JoanneRK  No Had a huge fry up lol ,1
228082,@healthy_recipes Awesome! Looking forward to yours as well. ,1
228081,"@healthwarrior A watched pot never boiled, mate - distraction is the name of the game ",1
228080,@healthandlife Get 100 followers a day using www.tweeterfollow.com Once you add everyone you are on the train or pay vip ,1
228077,@health_goddess_ same live and work in paradise ,1
228076,@Health_Coach likewise doc ,1
228075,@HealerAvalaura p.s. I'm Libra I hear we're supposed to get along ,1
228074,@HealerAvalaura I agree that I should. I will do just that. ,1
228073,@Heajer_aka_Jouu Yh I promess you it's a wonderfull movie to watch especially with your BBF or smth...Sue started too...GOOD LUCK ,1
228072,@Heajer_aka_Jouu it was good!  lol,1
228071,"@headtotail Could be a Rottweiler mix as well because of the color of the head, and ears and the brown eyebrows. ",1
228070,"@headstop thanks  still in the same building, but just a different department so it's gotten me all disoriented!",1
228069,@headstop 3 more followers needed ,1
228068,"@headsparks you know what, every one of those MacBooks and MacBook Pro's have internet &amp; a webcam! Just sorta hard to hear video chat ",1
46346356,I am so happy today,1
384952,Are you very happy as I am?,1
348534,oh happy day,1
398434,I am a product of joy and happiness,1
3523,I am happy,1
4245234,happy happy glad ,1
42245234,congratulation next level,1
34452,"You won’t find me ever saying good things about Connors. He was pictured with a rapist and someone who said young girls are raped on purpose, meaning using your logic he supports both of those things, don’t you agree?",0
54453,"The doc office just asked my sexual orientation, and if my husband beats me or rapes me. Hrm. Maybe I’mat the wrong place.",0
462346,"Yep...first guy who molested me, I was 16 he was 42.  A year later I was raped by another guy.  He was 36.  They know exactly what they are doing...yet still they do it.",0
427234,Jerry Raped me too.. when I was a child.. he's also a pedophile rapist,0
46264,"""I thought about the situation and 50 years later at the height of his career I think he raped me""",0
657257,jesus h christ. you are boring. at this point i’m just replying because i honestly feel like it’s your only social interaction; i kinda feel bad for you sweetheart. at least tell me he killed and raped people,0
456734,Your column Fri. My husband beats and abuses me but sometimes he cooks dinner and cleans so that's why I stay with him.,0
485434,So better place means everything is great?  It’s a better place for rich white people so of course they and those like them would think that.  That’s like a abused wife saying “my husband beats me but look at other counties where I’d get stoned for speaking my mind”,0
8524578,I can’t even believe any of this shit. You don’t even have to agree with me but what about the 9 other girls. The one that was raped unconscious in the back of his car? The ex girlfriend that he forcefully fingered. How many fucking women does it take. Fuck you all,0
56342474,He never raped me but you know the things he did to me when we fucked to imitate jared raping me so 😂 its no better lmao. But i dont give a fuck just keep my friends name out your mouth before i gotta catch a flight and show you how it pop off,0
45673445,Good cause I'll save my super powers to help me beat his azz and still marry you and now that I know I'm gone assume he raped you and have someone or I put a bullet hole in his head makes no difference with me,0
7846453573,"Mr Aniete, he raped me.",0
4345364,I am happy,1
76457345,I am so happy,1
433724,I am very happy,1
453632,happy I am today,1
768345,HAPPY,1
4534563,am happy,1
352346,I'm unhappy,0
6573456,unhappy day for me,0
75565,am I unhappy?,0
656784,I am unhappy,0
45634,my leg hurts hurt hurt,0
6445345,pain in my body and stomach,0
565465,hurts hurts here and there,0
345345,emotional pains,0
